-- phpMyAdmin SQL Dump
-- version 4.0.10deb1
-- http://www.phpmyadmin.net
--
-- 主机: localhost
-- 生成日期: 2016-09-20 13:51:57
-- 服务器版本: 5.5.50-0ubuntu0.14.04.1
-- PHP 版本: 5.5.9-1ubuntu4.19

SET SQL_MODE = "NO_AUTO_VALUE_ON_ZERO";
SET time_zone = "+00:00";


/*!40101 SET @OLD_CHARACTER_SET_CLIENT=@@CHARACTER_SET_CLIENT */;
/*!40101 SET @OLD_CHARACTER_SET_RESULTS=@@CHARACTER_SET_RESULTS */;
/*!40101 SET @OLD_COLLATION_CONNECTION=@@COLLATION_CONNECTION */;
/*!40101 SET NAMES utf8 */;

--
-- 数据库: `hdm184708692_db`
--

-- --------------------------------------------------------

--
-- 表的结构 `admin`
--

CREATE TABLE IF NOT EXISTS `admin` (
  `aid` int(10) unsigned NOT NULL AUTO_INCREMENT,
  `username` varchar(45) NOT NULL,
  `password` varchar(45) NOT NULL,
  `time` timestamp NOT NULL DEFAULT CURRENT_TIMESTAMP,
  `a_class` int(10) unsigned NOT NULL DEFAULT '0',
  PRIMARY KEY (`aid`)
) ENGINE=InnoDB  DEFAULT CHARSET=gbk AUTO_INCREMENT=3 ;

--
-- 转存表中的数据 `admin`
--

INSERT INTO `admin` (`aid`, `username`, `password`, `time`, `a_class`) VALUES
(1, 'admin', '25ad753b125d5d83124d459f73b6c2a9', '2016-07-24 00:27:37', 3),
(2, 'cxltest', 'e10adc3949ba59abbe56e057f20f883e', '2016-08-27 05:59:04', 3);

-- --------------------------------------------------------

--
-- 表的结构 `customer`
--

CREATE TABLE IF NOT EXISTS `customer` (
  `cid` int(10) unsigned NOT NULL AUTO_INCREMENT,
  `username` varchar(45) NOT NULL,
  `money` int(10) unsigned NOT NULL,
  `tel` varchar(45) NOT NULL,
  `beizhu` longtext NOT NULL,
  `status` int(10) unsigned NOT NULL DEFAULT '0',
  `gaozhi` int(10) unsigned NOT NULL DEFAULT '0',
  `tuijianren` varchar(45) NOT NULL,
  `date` varchar(45) NOT NULL,
  `time` timestamp NOT NULL DEFAULT CURRENT_TIMESTAMP,
  `baobeiren` varchar(45) NOT NULL,
  `laiyuan` varchar(128) NOT NULL,
  `fenpei` varchar(45) NOT NULL,
  `fenpeiren` varchar(45) NOT NULL,
  PRIMARY KEY (`cid`)
) ENGINE=InnoDB  DEFAULT CHARSET=gbk AUTO_INCREMENT=202 ;

--
-- 转存表中的数据 `customer`
--

INSERT INTO `customer` (`cid`, `username`, `money`, `tel`, `beizhu`, `status`, `gaozhi`, `tuijianren`, `date`, `time`, `baobeiren`, `laiyuan`, `fenpei`, `fenpeiren`) VALUES
(2, '啊辉', 10000, '13532416940', '无', 0, 1, '13592778181', '2016年07月24日', '2016-07-24 01:11:17', '罗贵怀', '', '', ''),
(5, '张培霞', 100000, '13250504719', '优良职业', 0, 1, '13790686758', '2016年07月25日', '2016-07-25 07:04:54', '王慧', '', '13538689969', '曾伟化'),
(6, '罗先生', 100000, '13592778185', '做生意的', 0, 1, '13592778181', '2016年07月25日', '2016-07-25 10:46:10', '罗贵怀', '', '13538689969', '曾伟化'),
(7, '小雨', 50000, '13825794481', '', 0, 0, '13592778181', '2016年07月26日', '2016-07-26 03:08:07', '罗贵怀', '', '', ''),
(8, '孙生', 4, '18925761119', '上班，现金发4000', 0, 0, '18607692838', '2016年07月26日', '2016-07-26 06:26:00', '邓先生', '', '', ''),
(9, '郭礼伯', 5, '13712517520', '执照2年，平安保险5年，年缴9000，负债高', 0, 0, '18607692838', '2016年07月26日', '2016-07-26 06:29:07', '邓先生', '', '', ''),
(10, '范绍强', 5, '13686116816', '执照10年，无房，有车，平安保险月缴15期，月缴889，负债高', 0, 0, '18607692838', '2016年07月26日', '2016-07-26 06:33:24', '邓先生', '', '', ''),
(11, '杨礼强', 20, '13726469042', '生意无执照，平安保险3年4次5000，陆金所5万，', 0, 0, '18607692838', '2016年07月26日', '2016-07-26 06:37:35', '邓先生', '', '', ''),
(12, '封后平', 500000, '13509004951', '执照10年，3次保单19000', 0, 0, '18607692838', '2016年07月26日', '2016-07-26 06:49:04', '邓先生', '', '', ''),
(13, '肖华', 300000, '15920243888', '执照3年，保单3年4次6700，2年逾期11次', 0, 0, '18607692838', '2016年07月26日', '2016-07-26 06:52:51', '邓先生', '', '', ''),
(14, '孔祥铭', 50000, '13688981955', '现金8000工资，流水少，社保4年', 0, 0, '18607692838', '2016年07月26日', '2016-07-26 06:54:11', '邓先生', '', '', ''),
(15, '麦生', 30000, '13798868585', '长安辅警，征信查询次数多，做过拍拍贷', 0, 0, '18607692838', '2016年07月26日', '2016-07-26 06:56:51', '邓先生', '', '', ''),
(16, '王清华', 100000, '15814360788', '保单9月3次，年缴11000', 0, 0, '18607692838', '2016年07月26日', '2016-07-26 06:58:05', '邓先生', '', '', ''),
(17, '张生', 50000, '13790340583', '派遣中信员工，代发6000，五险一金', 0, 0, '18607692838', '2016年07月26日', '2016-07-26 06:59:23', '邓先生', '', '', ''),
(18, '汪老板', 100000, '13559717968', '执照10个月，保单2次9600，供车半年', 0, 0, '18607692838', '2016年07月26日', '2016-07-26 07:00:36', '邓先生', '', '', ''),
(21, '刘先生', 50000, '13310824157', '代发1万2，有社保，3年前左右有信用卡连续逾期3个月，金额17元，电话催收过', 0, 0, '18607692838', '2016年07月28日', '2016-07-28 02:41:18', '邓先生', '', '', ''),
(22, '吴金侃', 50000, '13650052714', '', 0, 0, '13026807772', '2016年07月28日', '2016-07-28 06:20:48', '创业路一车友一李丽霞', '', '', ''),
(23, '梁小', 30000, '13760033334', '', 0, 1, '13760033333', '2016年07月28日', '2016-07-28 11:24:25', '陈', '', '', ''),
(24, '黄小红', 35000, '18819643602', '办信用卡为主，贷款为后', 0, 0, '13377788138', '2016年07月29日', '2016-07-29 02:42:35', '黄满棠', '', '', ''),
(25, '唐广军', 1500000, '13528534688', '有车有保单，要先息后本为主', 0, 0, '13377788138', '2016年07月29日', '2016-07-29 02:46:37', '黄满棠', '', '', ''),
(26, '黄经让', 50000, '13592778189', '', 0, 0, '13592778181', '2016年07月30日', '2016-07-30 02:15:12', '罗贵怀', '', '', ''),
(27, '刘永彪', 30000, '13902619664', '代办信用卡', 0, 1, '18688818626', '2016年08月01日', '2016-08-01 01:11:54', '车友大岭山杨雪卉', '', '', ''),
(28, '万小惠', 30, '18344425505', '大额信用卡', 0, 1, '18688818950', '2016年08月01日', '2016-08-01 03:27:35', '车友驾校东坑黎娟', '', '', ''),
(29, '李生', 40000, '17055566356', '', 0, 1, '13592778181', '2016年08月02日', '2016-08-02 03:25:10', '罗贵怀', '', '', ''),
(30, '陈小东', 500000, '13650117181', '', 0, 0, '13650117182', '2016年08月02日', '2016-08-02 10:10:28', '陈晓波', '', '', ''),
(31, '李强', 37000, '13419979977', '', 0, 1, '13829106316', '2016年08月03日', '2016-08-03 06:55:04', '洪锋华', '', '', ''),
(32, '薛元伟', 100000, '13650395168', '消费', 0, 1, '13026807772', '2016年08月05日', '2016-08-05 05:43:15', '创业路一车友一李丽霞', '', '', ''),
(33, '萧先生', 30000, '18825519142', '碧桂园小包工，流水半年平均每5000', 0, 1, '13537366869', '2016年08月09日', '2016-08-09 06:23:47', '夏何佩言', '', '', ''),
(34, '张总', 1000000, '13620096777', '', 0, 1, '13592778181', '2016年08月14日', '2016-08-14 14:06:46', '罗贵怀', '网络', '', ''),
(36, '王先生', 20000, '18778219123', '1215来电，', 0, 1, '13797067152', '2016年08月18日', '2016-08-18 02:16:17', '马嫣然', '电话', '', ''),
(37, '卢先生', 40000, '13433006298', '东莞，月收入4500元，现金，刚入职新公司三个月，没有社保公积金，上一个单位缴纳了四年社保，无信用卡', 0, 1, '13797067152', '2016年08月18日', '2016-08-18 06:21:00', '马嫣然', '1215电话', '', ''),
(38, '张先生', 30000, '13055788513', '福州，月收入3100，工资通过银行卡发放，不确定是转账还是银行代发，2012年信用卡逾期三个月，现在已经注销，无社保公积金', 0, 1, '13797067152', '2016年08月18日', '2016-08-18 07:48:01', '马嫣然', '1215电话', '13790686758', '王慧'),
(39, '马华城', 30000, '18824571747', '工薪族，代发30000', 0, 1, '13016643322', '2016年08月18日', '2016-08-18 07:51:40', '李塘利', '手机网站', '', ''),
(40, '向女士', 20000, '13925525842', '惠州，无流水，无社保公积金，想要做零首付购车，有驾驶证', 0, 1, '13797067152', '2016年08月18日', '2016-08-18 08:31:21', '马嫣然', '电话', '', ''),
(41, '石先生', 50000, '15346329519', '河南濮阳，月入三千，21岁，无社保公积金，在农行贷了一笔16万15年期的已经还了3年', 0, 1, '13797067152', '2016年08月18日', '2016-08-18 09:02:13', '马嫣然', '电话', '', ''),
(42, '无名', 50000, '18681131259', '小林移交', 0, 1, '13538689969', '2016年08月18日', '2016-08-18 09:32:02', '曾伟化', '0769daikuan留言版', '', ''),
(43, '何上松', 30000, '13903055937', '工薪贷', 0, 1, '13538689969', '2016年08月18日', '2016-08-18 09:34:05', '曾伟化', '手机网站', '', ''),
(44, '韦麗娜', 10000, '15025230004', '小林移交的', 0, 1, '13538689969', '2016年08月18日', '2016-08-18 09:35:42', '曾伟化', '端口', '', ''),
(45, '霞飞', 20000, '18249017910', '小林移交', 0, 1, '13538689969', '2016年08月18日', '2016-08-18 09:38:40', '曾伟化', '移动端后台', '', ''),
(46, '陈麗平', 20000, '13532899536', '小林移交', 0, 1, '13538689969', '2016年08月18日', '2016-08-18 09:44:38', '曾伟化', '移动端后台', '', ''),
(47, '王生', 80000, '13238314041', '工薪', 0, 1, '13538689969', '2016年08月18日', '2016-08-18 09:47:56', '曾伟化', '莞城店上门', '', ''),
(48, '孔先生', 100000, '13650012729', '小林移交', 0, 1, '13538689969', '2016年08月18日', '2016-08-18 09:49:38', '曾伟化', '微信', '', ''),
(49, '胡佳浩', 30000, '13556663804', '东莞，工作半年，25岁，月收入4000，无流水，无社保公积金', 0, 1, '13797067152', '2016年08月18日', '2016-08-18 10:41:25', '马嫣然', '电话', '', ''),
(50, '郭先生', 100000, '13509838379', '表示忙，明天在联系', 0, 1, '13797067152', '2016年08月18日', '2016-08-18 10:42:40', '马嫣然', '电话', '', ''),
(51, '朱克梅', 100000, '13661526963', '上海，工作三年，40岁，买过平安分红险，每年缴纳6000元，已经交了七年，信用卡无续期记录', 0, 1, '13797067152', '2016年08月18日', '2016-08-18 10:45:45', '马嫣然', '电话', '', ''),
(52, '吴彼泉', 50000, '13650079823', '正在通话中', 0, 1, '13797067152', '2016年08月18日', '2016-08-18 10:48:20', '马嫣然', '电话', '', ''),
(53, '宋斌', 20000, '18676981063', '虎门，工作七年，工作发现金，今年一年都无流水，白户', 0, 1, '13797067152', '2016年08月19日', '2016-08-19 03:42:54', '马嫣然', '移动后台留言', '', ''),
(54, '李树满', 20000, '13267859034', '', 0, 0, '15766235636', '2016年08月19日', '2016-08-19 07:24:57', '林春苑', '中国移动端后台', '13797067152', '马嫣然'),
(55, '陈', 400000, '15597022355', '西宁客户', 0, 1, '15766235636', '2016年08月19日', '2016-08-19 07:40:43', '林春苑', '在线客服', '13790686758', '王慧'),
(56, '任先生', 50000, '18627087586', '武汉', 0, 1, '15766235636', '2016年08月19日', '2016-08-19 07:44:24', '林春苑', '手机咨询', '13316685068', '刘卫国'),
(57, '任警华', 80000, '13335420752', '咸阳', 0, 1, '15766235636', '2016年08月19日', '2016-08-19 07:49:19', '林春苑', '移动端后台', '13316685068', '刘卫国'),
(58, '胡勇俊', 80000, '13875519781', '郴州', 0, 1, '15766235636', '2016年08月19日', '2016-08-19 07:50:38', '林春苑', '中国移动端后台', '13316685068', '刘卫国'),
(59, '梁生', 200000, '13592778180', '', 0, 1, '13592778181', '2016年08月19日', '2016-08-19 08:19:16', '罗贵怀', '座谈', '', ''),
(60, '王永红', 30000, '15112781936', '工薪贷', 0, 1, '13016643322', '2016年08月20日', '2016-08-20 08:16:20', '李塘利', '移动后台', '13316685068', '刘卫国'),
(61, '郭德均', 60000, '13925542396', '工薪贷', 0, 1, '13016643322', '2016年08月20日', '2016-08-20 08:25:47', '李塘利', '移动后台', '13316685068', '刘卫国'),
(62, '张云云', 40000, '13650995890', '代发4000有社保信用卡2张，宜信恒昌小牛批了，银谷海锯信息欺诈，信用卡有逾期记录，因为太太不在家希望六点后再次联系', 0, 1, '13797067152', '2016年08月20日', '2016-08-20 10:14:44', '马嫣然', '电话', '', ''),
(63, '叶先生', 20000, '13712995900', '东莞', 0, 0, '15766235636', '2016年08月21日', '2016-08-21 03:34:27', '林春苑', '移动端后台', '13538689969', '曾伟化'),
(64, '李强', 30000, '15992748132', '', 0, 0, '15766235636', '2016年08月21日', '2016-08-21 03:37:54', '林春苑', '手机网站', '13016643322', '李塘利'),
(65, '薛雄', 100000, '13724413003', '', 0, 0, '15766235636', '2016年08月21日', '2016-08-21 03:40:48', '林春苑', '手机网站', '13316685068', '刘卫国'),
(66, '田伟', 30000, '15999106758', '乌鲁木齐', 0, 0, '15766235636', '2016年08月21日', '2016-08-21 07:30:34', '林春苑', '移动端后台', '13538689969', '曾伟化'),
(67, '李鹏', 50000, '15820871989', '东莞', 0, 0, '15766235636', '2016年08月21日', '2016-08-21 08:14:44', '林春苑', '移动端后台', '13538689969', '曾伟化'),
(68, '穆斯塔法', 100000, '13579177503', '新疆克拉玛依独山子区', 0, 1, '15766235636', '2016年08月21日', '2016-08-21 09:17:22', '林春苑', '微信咨询', '13790686758', '王慧'),
(69, '戚先生', 30000, '18136499509', '南京', 0, 1, '15766235636', '2016年08月21日', '2016-08-21 09:19:42', '林春苑', '手机咨询', '13790686758', '王慧'),
(70, '李改万', 100000, '13974645585', '', 0, 1, '15766235636', '2016年08月21日', '2016-08-21 09:36:32', '林春苑', '手机网站', '13538689969', '曾伟化'),
(71, '邓勇毅', 250000, '13546993221', '东莞', 0, 0, '15766235636', '2016年08月22日', '2016-08-22 02:35:08', '林春苑', '移动端后台', '13316685068', '刘卫国'),
(72, '穆振斌', 10000, '17190416071', '东莞', 0, 0, '15766235636', '2016年08月22日', '2016-08-22 02:38:24', '林春苑', '移动端后台', '', ''),
(73, '罗劲远', 10000, '13560937939', '广州', 0, 0, '15766235636', '2016年08月22日', '2016-08-22 02:39:18', '林春苑', '移动端后台', '', ''),
(74, '张如乐', 10000, '15656156095', '', 0, 0, '15766235636', '2016年08月22日', '2016-08-22 02:40:23', '林春苑', '手机网站', '', ''),
(75, '冯昕炜', 50000, '18092975184', '西安', 0, 1, '15766235636', '2016年08月22日', '2016-08-22 06:00:41', '林春苑', 'QQ咨询', '13790686758', '王慧'),
(76, '颜先生', 30000, '18576821197', '东莞', 0, 1, '15766235636', '2016年08月22日', '2016-08-22 06:14:06', '林春苑', '手机咨询', '13538689969', '曾伟化'),
(77, '黄先生', 50000, '18824791464', '代发工资，每月四千元，年龄29，信用卡三张', 0, 0, '13797067152', '2016年08月22日', '2016-08-22 06:15:27', '马嫣然', '电话', '13538689969', '曾伟化'),
(78, '邓斌', 50000, '18870884581', '以卡办卡，要求晚上打电话', 0, 1, '15766235636', '2016年08月22日', '2016-08-22 06:25:40', '林春苑', '微信咨询', '13316685068', '刘卫国'),
(79, '谭先生', 100000, '15007690468', '代发工资五千，有社保，房子月供一千五百元', 0, 1, '13797067152', '2016年08月22日', '2016-08-22 06:30:24', '马嫣然', '电话', '13538689969', '曾伟化'),
(80, '梁先生', 318000, '13168438725', '香港，工资代发，想买奔驰车，想做零首付，分36期还', 0, 1, '13797067152', '2016年08月22日', '2016-08-22 06:34:27', '马嫣然', '微信', '13538689969', '曾伟化'),
(81, '王先生', 50000, '15913846589', '工作五年，工资发的现金，有九份商业保险，五份阳光，两份太平人寿，两份中国人寿', 0, 1, '13797067152', '2016年08月22日', '2016-08-22 06:39:32', '马嫣然', '电话', '13538689969', '曾伟化'),
(82, '周敏', 200008, '15827541915', '月工资四千，有社保公积金，信用了额度十万，武汉，三份平安保险，缴费十年，房子是老婆按揭的', 0, 1, '13797067152', '2016年08月22日', '2016-08-22 06:43:03', '马嫣然', '微信', '13538689969', '曾伟化'),
(83, '邓先生', 150000, '13316678995', '工资发现金，无社保公积金，年龄23，信用卡三张，有房产证月供4100元，首付22万，供了两年在大朗', 0, 1, '13797067152', '2016年08月22日', '2016-08-22 06:51:22', '马嫣然', '微信', '13538689969', '曾伟化'),
(84, '李小红', 10000, '15099755287', '工资发现金，无社保公积金，年龄21岁，信用卡额度七千', 0, 1, '13797067152', '2016年08月22日', '2016-08-22 06:55:59', '马嫣然', '手机网站', '13538689969', '曾伟化'),
(85, '何英强', 50000, '13798741488', '工资发现金，年龄37，信用卡额度三万，无逾期，有辆丰田车按揭四到五个月，房子在老婆名下，申请过平安没通过', 0, 1, '13797067152', '2016年08月22日', '2016-08-22 07:05:05', '马嫣然', '手机网站', '13538689969', '曾伟化'),
(86, '陈生', 100000, '13591778181', '', 0, 1, '13316625366', '2016年08月22日', '2016-08-22 09:50:13', '雷生', '朋友', '13538689969', '曾伟化'),
(87, '徐在永', 100000, '13215135099', '', 0, 0, '15766235636', '2016年08月23日', '2016-08-23 03:41:40', '林春苑', '手机网站', '13316685068', '刘卫国'),
(88, '陈智聪', 10000, '13826787675', '', 0, 0, '15766235636', '2016年08月23日', '2016-08-23 03:45:05', '林春苑', '手机网站', '', ''),
(89, '陶文晶', 30000, '15282152020', '内江', 0, 0, '15766235636', '2016年08月23日', '2016-08-23 03:46:14', '林春苑', '移动端后台', '13790686758', '王慧'),
(90, '李汗', 50000, '15363727809', '珠海', 0, 0, '15766235636', '2016年08月23日', '2016-08-23 03:47:08', '林春苑', '移动端后台', '13790686758', '王慧'),
(91, '王海', 100000, '13518715295', '', 0, 0, '15766235636', '2016年08月23日', '2016-08-23 08:16:17', '林春苑', '手机网站', '13316685068', '刘卫国'),
(92, '孙四平', 100000, '15015480266', '以打电话，上班8个月，代发工资6-7千，有社保，广发信用卡2万9额度，招商6千，光大1万5，征信良好', 0, 1, '15766235636', '2016年08月23日', '2016-08-23 09:57:09', '林春苑', '0769后台', '13316685068', '刘卫国'),
(93, '邹枚浩', 100000, '15521337827', '', 0, 0, '15766235636', '2016年08月24日', '2016-08-24 09:26:39', '林春苑', '手机网站', '13790686758', '王慧'),
(94, '于小姐', 20000, '13546935822', '东莞', 0, 1, '15766235636', '2016年08月24日', '2016-08-24 09:27:55', '林春苑', '微信咨询', '13538689969', '曾伟化'),
(95, '付世军', 50000, '18802613948', '上班3年，代发5千，有五险一金', 0, 1, '15766235636', '2016年08月25日', '2016-08-25 08:30:27', '林春苑', '微信咨询', '13537366869', '夏何佩言'),
(96, '郑海英', 30000, '18316438202', '', 0, 0, '15766235636', '2016年08月25日', '2016-08-25 08:43:42', '林春苑', '手机网站', '13016643322', '李塘利'),
(97, '刘翠翠', 50000, '13184929858', '', 0, 0, '15766235636', '2016年08月25日', '2016-08-25 09:59:21', '林春苑', '0769留言板', '13016643322', '李塘利'),
(98, '陈生', 250000, '13878156988', '客户在南宁有2套房', 0, 0, '13538689969', '2016年08月26日', '2016-08-26 03:36:10', '曾伟化', '客户转介', '13790686758', '王慧'),
(99, '邹宝琼', 15000, '15899614295', '', 0, 0, '15766235636', '2016年08月26日', '2016-08-26 06:41:44', '林春苑', '移动端后台', '13537366869', '夏何佩言'),
(100, '明玛卓拉', 12000, '18289101670', '', 0, 0, '15766235636', '2016年08月26日', '2016-08-26 06:42:27', '林春苑', '移动端后台', '13790686758', '王慧'),
(101, '李席强', 30000, '13755167588', '', 0, 0, '15766235636', '2016年08月26日', '2016-08-26 07:35:27', '林春苑', '手机网站', '13537366869', '夏何佩言'),
(102, '黄锡江', 700000, '13556636823', '', 0, 1, '13546941998', '2016年08月27日', '2016-08-27 02:09:28', '张磊', '朋友', '13538689969', '曾伟化'),
(103, '黄先生', 700000, '13712511505', '', 0, 1, '13546941998', '2016年08月27日', '2016-08-27 02:43:47', '张磊', '朋友', '13538689969', '曾伟化'),
(104, '廖海龙', 80000, '15013663307', '东莞', 0, 0, '15766235636', '2016年08月27日', '2016-08-27 04:01:45', '林春苑', '移动端后台', '13316685068', '刘卫国'),
(105, '蔡嘉琪', 30000, '15014845057', '', 0, 0, '15766235636', '2016年08月27日', '2016-08-27 05:39:38', '林春苑', '手机网站', '13016643322', '李塘利'),
(106, '王美雪', 300000, '13475055439', '', 0, 0, '15766235636', '2016年08月27日', '2016-08-27 05:42:27', '林春苑', '手机网站', '13790686758', '王慧'),
(107, '梁宝月', 50000, '18575528440', '', 0, 0, '15766235636', '2016年08月27日', '2016-08-27 10:05:25', '林春苑', '0769后台留言', '13790686758', '王慧'),
(108, '艾合买提江', 100000, '13009612367', '', 0, 0, '15766235636', '2016年08月29日', '2016-08-29 06:13:40', '林春苑', '手机网站', '13790686758', '王慧'),
(109, '黄庆飞', 100000, '13556612253', '', 0, 0, '15766235636', '2016年08月29日', '2016-08-29 06:17:47', '林春苑', '手机网站', '13538689969', '曾伟化'),
(110, '刘文碧', 30000, '15985196980', '', 0, 0, '15766235636', '2016年08月29日', '2016-08-29 06:26:57', '林春苑', '手机网站', '13538689969', '曾伟化'),
(111, '郭献柱', 30000, '15218780684', '', 0, 0, '15766235636', '2016年08月29日', '2016-08-29 06:29:55', '林春苑', '手机网站', '13538689969', '曾伟化'),
(112, '黄利平', 30000, '15016068388', '想贷款买车', 0, 0, '15766235636', '2016年08月29日', '2016-08-29 06:31:55', '林春苑', '手机网站', '13790686758', '王慧'),
(113, '刘小姐', 300000, '13802378209', '客户想贷30万买房，现在有套房自住', 0, 1, '13538689969', '2016年08月29日', '2016-08-29 10:53:17', '曾伟化', '安家地产小李介绍', '', ''),
(114, '邹小花', 80000, '13925855881', '客户看中0769一房子，想做0首付', 0, 1, '13538689969', '2016年08月29日', '2016-08-29 11:00:36', '曾伟化', '罗贵怀微友', '13538689969', '曾伟化'),
(115, '李先生', 100000, '18931149271', '已给呼和浩特信贷经理做，客户已经准备资料', 0, 1, '15766235636', '2016年08月30日', '2016-08-30 02:18:12', '林春苑', '电话咨询', '13790686758', '王慧'),
(116, '罗庆新', 100000, '13751217103', '', 0, 0, '15766235636', '2016年08月30日', '2016-08-30 03:11:41', '林春苑', '手机网站', '13316685068', '刘卫国'),
(117, '林铎', 30000, '15999910663', '', 0, 0, '15766235636', '2016年08月31日', '2016-08-31 06:04:36', '林春苑', '广州手机网站后台', '', ''),
(118, '黄先生', 300000, '13148817708', '', 0, 0, '15766235636', '2016年08月31日', '2016-08-31 06:07:32', '林春苑', '深圳手机网站后台', '13790686758', '王慧'),
(119, '林桂滨', 30000, '13112545110', '', 0, 0, '15766235636', '2016年08月31日', '2016-08-31 06:37:14', '林春苑', '汕头手机网站后台', '13790686758', '王慧'),
(120, '许常铭', 15000, '13095366125', '', 0, 0, '15766235636', '2016年08月31日', '2016-08-31 06:52:23', '林春苑', '昆明手机网站后台', '', ''),
(121, '豆旭伟', 100000, '15170135323', '', 0, 0, '15766235636', '2016年08月31日', '2016-08-31 07:05:12', '林春苑', '南昌手机网站后台', '13790686758', '王慧'),
(122, '陈国强', 100000, '18591770880', '', 1, 0, '15766235636', '2016年08月31日', '2016-08-31 07:19:49', '林春苑', '西安手机网站后台', '13790686758', '王慧'),
(123, '尹家乐', 100000, '15211786813', '', 0, 0, '15766235636', '2016年08月31日', '2016-08-31 08:19:50', '林春苑', '福州手机网站后台', '13790686758', '王慧'),
(124, '向先生', 250000, '18683379881', '', 0, 0, '15766235636', '2016年08月31日', '2016-08-31 08:29:00', '林春苑', '拉萨手机网站后台', '13790686758', '王慧'),
(125, '黄松亮', 30000, '13686056945', '', 0, 0, '15766235636', '2016年09月01日', '2016-09-01 02:19:44', '林春苑', '手机网站', '13790686758', '王慧'),
(126, '李国元', 20000, '15099732533', '', 0, 1, '15766235636', '2016年09月01日', '2016-09-01 08:34:10', '林春苑', 'QQ咨询', '15766235636', '林春苑'),
(127, '谭先生', 100000, '15818684852', '贷款买车', 0, 0, '15766235636', '2016年09月01日', '2016-09-01 09:43:53', '林春苑', '商务通留言', '13538689969', '曾伟化'),
(128, '曾先生', 300000, '13790362223', '', 0, 0, '15766235636', '2016年09月02日', '2016-09-02 01:56:47', '林春苑', '手机网站', '13538689969', '曾伟化'),
(129, '陈聚财', 30000, '15078419112', '', 0, 0, '15766235636', '2016年09月02日', '2016-09-02 02:09:39', '林春苑', '手机网站', '13790686758', '王慧'),
(130, '陈强', 30000, '13925525392', '', 0, 0, '15766235636', '2016年09月02日', '2016-09-02 02:10:32', '林春苑', '手机网站', '13790686758', '王慧'),
(131, '刘', 50000, '18002988883', '有平安的保单.名下有东莞的按揭房.有全款的车', 0, 1, '15766235636', '2016年09月02日', '2016-09-02 02:50:14', '林春苑', '商务通咨询', '13726406501', '李甘露'),
(132, '蓝', 100000, '15119214211', '', 0, 0, '15766235636', '2016年09月02日', '2016-09-02 03:16:05', '林春苑', '韶关手机网站', '13538689969', '曾伟化'),
(134, '倪良伟', 30000, '13685519227', '', 0, 0, '15766235636', '2016年09月02日', '2016-09-02 06:34:39', '林春苑', '合肥手机网站', '15766235636', '林春苑'),
(135, '何征', 100000, '13662963798', '长安工作3年左右，银行代发工资7千，没有社保信用卡，想贷款买车', 0, 1, '15766235636', '2016年09月02日', '2016-09-02 08:00:52', '林春苑', '商务通留言', '13538689969', '曾伟化'),
(136, '黄琳', 100000, '13612441205', '潮州', 0, 0, '15766235636', '2016年09月03日', '2016-09-03 02:16:18', '林春苑', '移动端后台', '15766235636', '林春苑'),
(137, '徐小姐', 30000, '13138841860', '东莞', 0, 0, '15766235636', '2016年09月03日', '2016-09-03 02:17:52', '林春苑', '0769daikuanw留言板', '13726406501', '李甘露'),
(138, '陈彩欣', 30000, '13713145367', '东莞', 0, 0, '15766235636', '2016年09月03日', '2016-09-03 02:18:38', '林春苑', '手机网站', '13726406501', '李甘露'),
(139, '杨建军', 30000, '15818308355', '东莞', 0, 0, '15766235636', '2016年09月03日', '2016-09-03 09:39:35', '林春苑', '手机网站', '13726406501', '李甘露'),
(140, '邓传文', 30000, '13724478214', '东莞', 0, 0, '15766235636', '2016年09月05日', '2016-09-05 02:14:52', '林春苑', '手机网站', '13726406501', '李甘露'),
(141, '肖先生', 30000, '18825213030', '上班4年，代发工资五千五，有社保和公积金，有一张工商银行的信用卡，曾经逾期90天，现在已还清，已注销那张信用卡', 0, 0, '13790686758', '2016年09月05日', '2016-09-05 02:53:56', '王慧', '客服电话咨询', '13726406501', '李甘露'),
(142, '王雯', 30000, '13827232662', '东莞', 0, 0, '15766235636', '2016年09月05日', '2016-09-05 02:58:00', '林春苑', '手机网站', '13726406501', '李甘露'),
(143, '高龙云', 100000, '18617218938', '东莞', 0, 0, '15766235636', '2016年09月05日', '2016-09-05 03:00:16', '林春苑', '手机网站', '13316685068', '刘卫国'),
(144, '李伟强', 30000, '15920623096', '东莞', 0, 0, '15766235636', '2016年09月05日', '2016-09-05 03:16:44', '林春苑', '手机网站', '13726406501', '李甘露'),
(145, '林家晓', 20000, '13922918241', '东莞上班2年，代发工资3200，有社保，征信良好，目前在捷信有贷款', 0, 1, '15766235636', '2016年09月05日', '2016-09-05 05:36:11', '林春苑', 'QQ咨询', '13726406501', '李甘露'),
(146, '黄先生', 50000, '13829218128', '东莞上班16年，代发工资4千，有社保公积金', 0, 1, '15766235636', '2016年09月05日', '2016-09-05 08:01:51', '林春苑', '微信咨询', '13726406501', '李甘露'),
(147, '王军 ', 100000, '15986829590', '松山湖上班1年多，代发工资5000以上，有社保，征信良好，客户要求8.30-12.00拨打号码。', 0, 1, '15766235636', '2016年09月06日', '2016-09-06 01:58:36', '林春苑', 'QQ咨询', '13316685068', '刘卫国'),
(148, '许郭秒', 50000, '18825569059', '东莞上班1年，银行代发工资5千，有社保，白户', 0, 1, '15766235636', '2016年09月06日', '2016-09-06 02:29:24', '林春苑', '微信咨询', '13726406501', '李甘露'),
(149, '柯火炎', 200000, '13794849435', '东莞', 0, 0, '15766235636', '2016年09月06日', '2016-09-06 06:40:29', '林春苑', '移动端后台', '13316685068', '刘卫国'),
(150, '莫志辉', 80000, '13129481407', '东莞', 0, 0, '15766235636', '2016年09月06日', '2016-09-06 06:41:02', '林春苑', '移动端后台', '13726406501', '李甘露'),
(151, '叶慧青', 30000, '15014884044', '东莞', 0, 0, '15766235636', '2016年09月06日', '2016-09-06 06:41:44', '林春苑', '移动端后台', '13726406501', '李甘露'),
(152, '李俊德', 20000, '13897207236', '西宁', 0, 1, '15766235636', '2016年09月06日', '2016-09-06 06:48:17', '林春苑', '移动端后台', '15766235636', '林春苑'),
(153, '刘举', 130000, '15029292883', '西安', 0, 1, '15766235636', '2016年09月06日', '2016-09-06 06:57:41', '林春苑', '移动端后台', '15766235636', '林春苑'),
(154, '林先生', 200000, '13823680065', '深圳', 0, 1, '15766235636', '2016年09月06日', '2016-09-06 07:47:28', '林春苑', '手机咨询', '13316685068', '刘卫国'),
(155, '王涛', 30000, '13790234984', '珠海', 0, 1, '15766235636', '2016年09月06日', '2016-09-06 10:13:16', '林春苑', 'QQ咨询', '15766235636', '林春苑'),
(156, '孙乐乐', 20000, '13790645040', '东莞', 0, 1, '15766235636', '2016年09月07日', '2016-09-07 06:00:27', '林春苑', 'QQ咨询', '13726406501', '李甘露'),
(157, '李', 100000, '13215186211', '东莞上班3年，代发工资8千，有社保，征信很好，有平安福，缴了2年，一年缴一次，一次4千多', 0, 1, '15766235636', '2016年09月07日', '2016-09-07 06:01:43', '林春苑', '在线咨询', '13316685068', '刘卫国'),
(158, '林虹铭', 100000, '18520507983', '手机号码是广州的，留言是在东莞后台留的，想贷3-10万', 0, 0, '15766235636', '2016年09月07日', '2016-09-07 06:03:39', '林春苑', '手机网站', '13316685068', '刘卫国'),
(159, '钱志强', 100000, '18725014441', '已移交给昆明小额易贷张总跟进', 0, 0, '15766235636', '2016年09月07日', '2016-09-07 07:13:53', '林春苑', '手机网站', '15766235636', '林春苑'),
(160, '王先生', 50000, '18802647993', '东莞', 0, 1, '15766235636', '2016年09月07日', '2016-09-07 07:41:56', '林春苑', '手机咨询', '13726406501', '李甘露'),
(161, '陈岩', 200000, '13529247526', '已移交至昆明小额易贷张总跟进', 0, 1, '15766235636', '2016年09月07日', '2016-09-07 09:18:11', '林春苑', '在线咨询', '15766235636', '林春苑'),
(162, '陶先生', 100000, '13487883510', '已移交至郴州利群金融李经理跟进', 0, 1, '15766235636', '2016年09月07日', '2016-09-07 09:20:45', '林春苑', '手机咨询', '15766235636', '林春苑'),
(163, '王先生', 100000, '17770873901', '已移交至南昌博正投资章总跟进', 0, 1, '15766235636', '2016年09月07日', '2016-09-07 09:43:49', '林春苑', 'QQ咨询', '15766235636', '林春苑'),
(164, '曾令雄', 30000, '15219141048', '东莞', 0, 0, '15766235636', '2016年09月07日', '2016-09-07 09:46:53', '林春苑', '移动端后台留言', '13726406501', '李甘露'),
(165, '马晓娜', 50000, '15695388889', '已移交西宁普惠金融王经理跟进', 0, 1, '15766235636', '2016年09月07日', '2016-09-07 10:08:46', '林春苑', '在线咨询', '15766235636', '林春苑'),
(166, '何林', 20000, '15984014938', '东莞', 0, 1, '15766235636', '2016年09月08日', '2016-09-08 07:59:05', '林春苑', '移动端后台', '13726406501', '李甘露'),
(167, '谢小梅', 50000, '13412113066', '东莞', 0, 1, '15766235636', '2016年09月08日', '2016-09-08 07:59:50', '林春苑', '移动端后台', '13726406501', '李甘露'),
(168, '龙江林', 30000, '13798727770', '东莞', 0, 0, '15766235636', '2016年09月08日', '2016-09-08 08:00:25', '林春苑', '移动端后台', '13726406501', '李甘露'),
(169, '薛佳', 50000, '18697278887', '已移交西宁普惠金融王经理跟进', 0, 0, '15766235636', '2016年09月09日', '2016-09-09 05:45:45', '林春苑', '移动端后台', '13726406501', '李甘露'),
(170, '罗国军', 30000, '15085824736', '东莞', 0, 1, '15766235636', '2016年09月09日', '2016-09-09 10:18:09', '林春苑', 'QQ咨询', '13726406501', '李甘露'),
(171, '吴贞', 300000, '13686089715', '', 0, 1, '15015160209', '2016年09月11日', '2016-09-11 07:46:32', '甘园园', '朋友', '13538689969', '曾伟化'),
(172, '王小姐', 50000, '15916276798', '已移交珠海夸客黄经理跟进', 0, 1, '15766235636', '2016年09月12日', '2016-09-12 02:11:28', '林春苑', '微信咨询', '15766235636', '林春苑'),
(173, '刘先生', 60000, '18502958692', '已移交西安邦信投资罗丹跟进', 0, 1, '15766235636', '2016年09月12日', '2016-09-12 02:14:01', '林春苑', '微信咨询', '15766235636', '林春苑'),
(174, '温庆勇', 50000, '13480202498', '东莞', 0, 0, '15766235636', '2016年09月12日', '2016-09-12 02:16:38', '林春苑', '移动端后台', '13726406501', '李甘露'),
(175, '韦学佳', 50000, '15015546950', '已移交佛山夸客黄经理跟进', 0, 0, '15766235636', '2016年09月12日', '2016-09-12 02:18:17', '林春苑', '移动端后台', '15766235636', '林春苑'),
(176, '曾琼瑶', 100000, '18665014952', '东莞', 0, 0, '15766235636', '2016年09月12日', '2016-09-12 02:27:26', '林春苑', '0769daikuanw留言板', '13316685068', '刘卫国'),
(177, '林生', 100000, '18028991777', '想贷10万装修房子', 0, 1, '13538689969', '2016年09月12日', '2016-09-12 03:12:12', '曾伟化', '罗贵怀微信', '13538689969', '曾伟化'),
(178, '阿朱', 50000, '15602697275', '急用', 0, 0, '15602697273', '2016年09月12日', '2016-09-12 09:32:12', '小月', '朋友', '13726406501', '李甘露'),
(179, '林少佳', 30000, '15013712561', '东莞', 0, 0, '15766235636', '2016年09月13日', '2016-09-13 02:26:18', '林春苑', '移动端后台留言', '13726406501', '李甘露'),
(180, '胡志峰', 100000, '13580700802', '东莞', 0, 0, '15766235636', '2016年09月13日', '2016-09-13 02:33:24', '林春苑', '手机网站', '13316685068', '刘卫国'),
(181, '郭伟标', 50000, '13602330831', '', 0, 0, '13713163383', '2016年09月13日', '2016-09-13 06:00:16', '梁先生', '朋友', '13726406501', '李甘露'),
(182, '王三测试', 100000, '13555551111', '有房有车', 0, 1, '13538689969', '2016年09月13日', '2016-09-13 07:07:24', '曾伟化', '朋友', '', ''),
(183, '小伟', 30000, '13567439185', '', 0, 0, '15766235636', '2016年09月13日', '2016-09-13 08:01:55', '林春苑', '微信客户', '13726406501', '李甘露'),
(184, '许先生', 2000000, '13580838803', '有个别墅', 0, 1, '13538689969', '2016年09月13日', '2016-09-13 08:34:54', '曾伟化', '微信', '13538689969', '曾伟化'),
(185, '徐辉', 30000, '13786044849', '已移交岳阳陈经理跟进', 0, 0, '15766235636', '2016年09月13日', '2016-09-13 09:39:03', '林春苑', '移动端后台留言', '15766235636', '林春苑'),
(186, '陶帅', 10000, '15112813367', '', 0, 1, '18024441170', '2016年09月13日', '2016-09-13 15:34:45', '佃卓帆', '朋友', '', ''),
(187, '陈先生', 30000, '13809264373', '想做0首付购车', 0, 1, '15766235636', '2016年09月14日', '2016-09-14 02:25:52', '林春苑', '手机咨询', '15766235636', '林春苑'),
(188, '何利文', 300000, '18922607118', '已移交给清远夸客黄经理跟进', 0, 0, '15766235636', '2016年09月14日', '2016-09-14 07:39:10', '林春苑', '移动端后台', '15766235636', '林春苑'),
(189, '张琼', 2000000, '13570838554', '', 0, 0, '15919900511', '2016年09月15日', '2016-09-15 08:41:24', '毕秀丽', '朋友', '', ''),
(190, '邬林', 30000, '13751305852', '东莞', 0, 0, '15766235636', '2016年09月17日', '2016-09-17 03:05:41', '林春苑', '移动端后台', '13726406501', '李甘露'),
(191, '杨光哲', 20000, '13543743110', '东莞', 0, 0, '15766235636', '2016年09月17日', '2016-09-17 03:06:28', '林春苑', '移动端后台', '13726406501', '李甘露'),
(192, '宋文琪', 20000, '13544694110', '', 0, 1, '15766235636', '2016年09月17日', '2016-09-17 05:59:12', '林春苑', '微信咨询', '13726406501', '李甘露'),
(193, '何健湄', 50000, '18777578442', '', 0, 1, '15766235636', '2016年09月17日', '2016-09-17 06:00:25', '林春苑', '微信咨询', '13726406501', '李甘露'),
(194, '车俊秀', 20000, '13557772597', '东莞', 0, 1, '15766235636', '2016年09月17日', '2016-09-17 07:56:34', '林春苑', '商务通咨询', '13726406501', '李甘露'),
(195, '陈健光', 25000, '13794843474', '东莞', 0, 1, '15766235636', '2016年09月17日', '2016-09-17 09:23:54', '林春苑', '微信咨询', '13726406501', '李甘露'),
(196, '薛超', 50000, '18027536369', '东莞', 0, 1, '15766235636', '2016年09月18日', '2016-09-18 01:55:30', '林春苑', '微信咨询客户', '13726406501', '李甘露'),
(197, '李加足', 20000, '13824565561', '东莞', 0, 0, '15766235636', '2016年09月18日', '2016-09-18 02:05:19', '林春苑', '移动端后台', '13726406501', '李甘露'),
(198, '何', 50000, '13713340805', '东莞', 0, 1, '15766235636', '2016年09月18日', '2016-09-18 07:01:26', '林春苑', 'qq咨询', '13726406501', '李甘露'),
(199, '聂斌斌', 20000, '13544807867', '东莞', 0, 0, '15766235636', '2016年09月18日', '2016-09-18 08:05:41', '林春苑', '手机网站', '13726406501', '李甘露'),
(200, '刘水平', 50000, '15015294506', '东莞', 0, 0, '15766235636', '2016年09月19日', '2016-09-19 05:41:53', '林春苑', '手机网站', '13726406501', '李甘露'),
(201, '季春', 30000, '18952370800', '', 0, 0, '15766235636', '2016年09月20日', '2016-09-20 05:47:22', '林春苑', '手机网站', '', '');

-- --------------------------------------------------------

--
-- 表的结构 `customer_status`
--

CREATE TABLE IF NOT EXISTS `customer_status` (
  `sid` int(10) unsigned NOT NULL AUTO_INCREMENT,
  `cid` int(10) unsigned NOT NULL,
  `m_mid` int(10) unsigned NOT NULL,
  `st_content` varchar(45) NOT NULL,
  `st_date` varchar(45) NOT NULL,
  `st_time` timestamp NOT NULL DEFAULT CURRENT_TIMESTAMP,
  `st_status` int(10) unsigned NOT NULL DEFAULT '0',
  PRIMARY KEY (`sid`)
) ENGINE=InnoDB  DEFAULT CHARSET=gbk AUTO_INCREMENT=202 ;

--
-- 转存表中的数据 `customer_status`
--

INSERT INTO `customer_status` (`sid`, `cid`, `m_mid`, `st_content`, `st_date`, `st_time`, `st_status`) VALUES
(2, 2, 2, '报备客户', '2016年07月24日', '2016-07-24 01:11:17', 0),
(5, 5, 5, '报备客户', '2016年07月25日', '2016-07-25 07:04:55', 0),
(6, 6, 6, '报备客户', '2016年07月25日', '2016-07-25 10:46:10', 0),
(7, 7, 7, '报备客户', '2016年07月26日', '2016-07-26 03:08:08', 0),
(8, 8, 8, '报备客户', '2016年07月26日', '2016-07-26 06:26:01', 0),
(9, 9, 9, '报备客户', '2016年07月26日', '2016-07-26 06:29:08', 0),
(10, 10, 10, '报备客户', '2016年07月26日', '2016-07-26 06:33:24', 0),
(11, 11, 11, '报备客户', '2016年07月26日', '2016-07-26 06:37:35', 0),
(12, 12, 12, '报备客户', '2016年07月26日', '2016-07-26 06:49:04', 0),
(13, 13, 13, '报备客户', '2016年07月26日', '2016-07-26 06:52:52', 0),
(14, 14, 14, '报备客户', '2016年07月26日', '2016-07-26 06:54:11', 0),
(15, 15, 15, '报备客户', '2016年07月26日', '2016-07-26 06:56:51', 0),
(16, 16, 16, '报备客户', '2016年07月26日', '2016-07-26 06:58:06', 0),
(17, 17, 17, '报备客户', '2016年07月26日', '2016-07-26 06:59:23', 0),
(18, 18, 18, '报备客户', '2016年07月26日', '2016-07-26 07:00:36', 0),
(21, 21, 21, '报备客户', '2016年07月28日', '2016-07-28 02:41:18', 0),
(22, 22, 22, '报备客户', '2016年07月28日', '2016-07-28 06:20:48', 0),
(23, 23, 23, '报备客户', '2016年07月28日', '2016-07-28 11:24:25', 0),
(24, 24, 24, '报备客户', '2016年07月29日', '2016-07-29 02:42:35', 0),
(25, 25, 25, '报备客户', '2016年07月29日', '2016-07-29 02:46:37', 0),
(26, 26, 26, '报备客户', '2016年07月30日', '2016-07-30 02:15:12', 0),
(27, 27, 27, '报备客户', '2016年08月01日', '2016-08-01 01:11:54', 0),
(28, 28, 28, '报备客户', '2016年08月01日', '2016-08-01 03:27:35', 0),
(29, 29, 29, '报备客户', '2016年08月02日', '2016-08-02 03:25:10', 0),
(30, 30, 30, '报备客户', '2016年08月02日', '2016-08-02 10:10:28', 0),
(31, 31, 31, '报备客户', '2016年08月03日', '2016-08-03 06:55:04', 0),
(32, 32, 32, '报备客户', '2016年08月05日', '2016-08-05 05:43:15', 0),
(33, 33, 33, '报备客户', '2016年08月09日', '2016-08-09 06:23:47', 0),
(34, 34, 34, '报备客户', '2016年08月14日', '2016-08-14 14:06:46', 0),
(36, 36, 36, '报备客户', '2016年08月18日', '2016-08-18 02:16:17', 0),
(37, 37, 37, '报备客户', '2016年08月18日', '2016-08-18 06:21:00', 0),
(38, 38, 38, '报备客户', '2016年08月18日', '2016-08-18 07:48:01', 0),
(39, 39, 39, '报备客户', '2016年08月18日', '2016-08-18 07:51:40', 0),
(40, 40, 40, '报备客户', '2016年08月18日', '2016-08-18 08:31:21', 0),
(41, 41, 41, '报备客户', '2016年08月18日', '2016-08-18 09:02:13', 0),
(42, 42, 42, '报备客户', '2016年08月18日', '2016-08-18 09:32:02', 0),
(43, 43, 43, '报备客户', '2016年08月18日', '2016-08-18 09:34:05', 0),
(44, 44, 44, '报备客户', '2016年08月18日', '2016-08-18 09:35:42', 0),
(45, 45, 45, '报备客户', '2016年08月18日', '2016-08-18 09:38:40', 0),
(46, 46, 46, '报备客户', '2016年08月18日', '2016-08-18 09:44:38', 0),
(47, 47, 47, '报备客户', '2016年08月18日', '2016-08-18 09:47:56', 0),
(48, 48, 48, '报备客户', '2016年08月18日', '2016-08-18 09:49:38', 0),
(49, 49, 49, '报备客户', '2016年08月18日', '2016-08-18 10:41:25', 0),
(50, 50, 50, '报备客户', '2016年08月18日', '2016-08-18 10:42:40', 0),
(51, 51, 51, '报备客户', '2016年08月18日', '2016-08-18 10:45:45', 0),
(52, 52, 52, '报备客户', '2016年08月18日', '2016-08-18 10:48:20', 0),
(53, 53, 53, '报备客户', '2016年08月19日', '2016-08-19 03:42:54', 0),
(54, 54, 54, '报备客户', '2016年08月19日', '2016-08-19 07:24:57', 0),
(55, 55, 55, '报备客户', '2016年08月19日', '2016-08-19 07:40:43', 0),
(56, 56, 56, '报备客户', '2016年08月19日', '2016-08-19 07:44:24', 0),
(57, 57, 57, '报备客户', '2016年08月19日', '2016-08-19 07:49:19', 0),
(58, 58, 58, '报备客户', '2016年08月19日', '2016-08-19 07:50:38', 0),
(59, 59, 59, '报备客户', '2016年08月19日', '2016-08-19 08:19:16', 0),
(60, 60, 60, '报备客户', '2016年08月20日', '2016-08-20 08:16:20', 0),
(61, 61, 61, '报备客户', '2016年08月20日', '2016-08-20 08:25:47', 0),
(62, 62, 62, '报备客户', '2016年08月20日', '2016-08-20 10:14:44', 0),
(63, 63, 63, '报备客户', '2016年08月21日', '2016-08-21 03:34:27', 0),
(64, 64, 64, '报备客户', '2016年08月21日', '2016-08-21 03:37:54', 0),
(65, 65, 65, '报备客户', '2016年08月21日', '2016-08-21 03:40:48', 0),
(66, 66, 66, '报备客户', '2016年08月21日', '2016-08-21 07:30:34', 0),
(67, 67, 67, '报备客户', '2016年08月21日', '2016-08-21 08:14:44', 0),
(68, 68, 68, '报备客户', '2016年08月21日', '2016-08-21 09:17:22', 0),
(69, 69, 69, '报备客户', '2016年08月21日', '2016-08-21 09:19:42', 0),
(70, 70, 70, '报备客户', '2016年08月21日', '2016-08-21 09:36:32', 0),
(71, 71, 71, '报备客户', '2016年08月22日', '2016-08-22 02:35:08', 0),
(72, 72, 72, '报备客户', '2016年08月22日', '2016-08-22 02:38:24', 0),
(73, 73, 73, '报备客户', '2016年08月22日', '2016-08-22 02:39:18', 0),
(74, 74, 74, '报备客户', '2016年08月22日', '2016-08-22 02:40:23', 0),
(75, 75, 75, '报备客户', '2016年08月22日', '2016-08-22 06:00:41', 0),
(76, 76, 76, '报备客户', '2016年08月22日', '2016-08-22 06:14:06', 0),
(77, 77, 77, '报备客户', '2016年08月22日', '2016-08-22 06:15:27', 0),
(78, 78, 78, '报备客户', '2016年08月22日', '2016-08-22 06:25:40', 0),
(79, 79, 79, '报备客户', '2016年08月22日', '2016-08-22 06:30:24', 0),
(80, 80, 80, '报备客户', '2016年08月22日', '2016-08-22 06:34:27', 0),
(81, 81, 81, '报备客户', '2016年08月22日', '2016-08-22 06:39:32', 0),
(82, 82, 82, '报备客户', '2016年08月22日', '2016-08-22 06:43:03', 0),
(83, 83, 83, '报备客户', '2016年08月22日', '2016-08-22 06:51:23', 0),
(84, 84, 84, '报备客户', '2016年08月22日', '2016-08-22 06:55:59', 0),
(85, 85, 85, '报备客户', '2016年08月22日', '2016-08-22 07:05:06', 0),
(86, 86, 86, '报备客户', '2016年08月22日', '2016-08-22 09:50:13', 0),
(87, 87, 87, '报备客户', '2016年08月23日', '2016-08-23 03:41:40', 0),
(88, 88, 88, '报备客户', '2016年08月23日', '2016-08-23 03:45:05', 0),
(89, 89, 89, '报备客户', '2016年08月23日', '2016-08-23 03:46:14', 0),
(90, 90, 90, '报备客户', '2016年08月23日', '2016-08-23 03:47:08', 0),
(91, 91, 91, '报备客户', '2016年08月23日', '2016-08-23 08:16:17', 0),
(92, 92, 92, '报备客户', '2016年08月23日', '2016-08-23 09:57:09', 0),
(93, 93, 93, '报备客户', '2016年08月24日', '2016-08-24 09:26:39', 0),
(94, 94, 94, '报备客户', '2016年08月24日', '2016-08-24 09:27:55', 0),
(95, 95, 95, '报备客户', '2016年08月25日', '2016-08-25 08:30:27', 0),
(96, 96, 96, '报备客户', '2016年08月25日', '2016-08-25 08:43:42', 0),
(97, 97, 97, '报备客户', '2016年08月25日', '2016-08-25 09:59:21', 0),
(98, 98, 98, '报备客户', '2016年08月26日', '2016-08-26 03:36:10', 0),
(99, 99, 99, '报备客户', '2016年08月26日', '2016-08-26 06:41:44', 0),
(100, 100, 100, '报备客户', '2016年08月26日', '2016-08-26 06:42:27', 0),
(101, 101, 101, '报备客户', '2016年08月26日', '2016-08-26 07:35:27', 0),
(102, 102, 102, '报备客户', '2016年08月27日', '2016-08-27 02:09:28', 0),
(103, 103, 103, '报备客户', '2016年08月27日', '2016-08-27 02:43:47', 0),
(104, 104, 104, '报备客户', '2016年08月27日', '2016-08-27 04:01:45', 0),
(105, 105, 105, '报备客户', '2016年08月27日', '2016-08-27 05:39:38', 0),
(106, 106, 106, '报备客户', '2016年08月27日', '2016-08-27 05:42:27', 0),
(107, 107, 107, '报备客户', '2016年08月27日', '2016-08-27 10:05:25', 0),
(108, 108, 108, '报备客户', '2016年08月29日', '2016-08-29 06:13:40', 0),
(109, 109, 109, '报备客户', '2016年08月29日', '2016-08-29 06:17:47', 0),
(110, 110, 110, '报备客户', '2016年08月29日', '2016-08-29 06:26:57', 0),
(111, 111, 111, '报备客户', '2016年08月29日', '2016-08-29 06:29:55', 0),
(112, 112, 112, '报备客户', '2016年08月29日', '2016-08-29 06:31:55', 0),
(113, 113, 113, '报备客户', '2016年08月29日', '2016-08-29 10:53:17', 0),
(114, 114, 114, '报备客户', '2016年08月29日', '2016-08-29 11:00:36', 0),
(115, 115, 115, '报备客户', '2016年08月30日', '2016-08-30 02:18:12', 0),
(116, 116, 116, '报备客户', '2016年08月30日', '2016-08-30 03:11:41', 0),
(117, 117, 117, '报备客户', '2016年08月31日', '2016-08-31 06:04:36', 0),
(118, 118, 118, '报备客户', '2016年08月31日', '2016-08-31 06:07:32', 0),
(119, 119, 119, '报备客户', '2016年08月31日', '2016-08-31 06:37:14', 0),
(120, 120, 120, '报备客户', '2016年08月31日', '2016-08-31 06:52:23', 0),
(121, 121, 121, '报备客户', '2016年08月31日', '2016-08-31 07:05:12', 0),
(122, 122, 122, '报备客户', '2016年08月31日', '2016-08-31 07:19:49', 0),
(123, 123, 123, '报备客户', '2016年08月31日', '2016-08-31 08:19:50', 0),
(124, 124, 124, '报备客户', '2016年08月31日', '2016-08-31 08:29:00', 0),
(125, 125, 125, '报备客户', '2016年09月01日', '2016-09-01 02:19:44', 0),
(126, 126, 126, '报备客户', '2016年09月01日', '2016-09-01 08:34:10', 0),
(127, 127, 127, '报备客户', '2016年09月01日', '2016-09-01 09:43:53', 0),
(128, 128, 128, '报备客户', '2016年09月02日', '2016-09-02 01:56:47', 0),
(129, 129, 129, '报备客户', '2016年09月02日', '2016-09-02 02:09:39', 0),
(130, 130, 130, '报备客户', '2016年09月02日', '2016-09-02 02:10:32', 0),
(131, 131, 131, '报备客户', '2016年09月02日', '2016-09-02 02:50:14', 0),
(132, 132, 132, '报备客户', '2016年09月02日', '2016-09-02 03:16:05', 0),
(134, 134, 134, '报备客户', '2016年09月02日', '2016-09-02 06:34:39', 0),
(135, 135, 135, '报备客户', '2016年09月02日', '2016-09-02 08:00:52', 0),
(136, 136, 136, '报备客户', '2016年09月03日', '2016-09-03 02:16:19', 0),
(137, 137, 137, '报备客户', '2016年09月03日', '2016-09-03 02:17:52', 0),
(138, 138, 138, '报备客户', '2016年09月03日', '2016-09-03 02:18:38', 0),
(139, 139, 139, '报备客户', '2016年09月03日', '2016-09-03 09:39:35', 0),
(140, 140, 140, '报备客户', '2016年09月05日', '2016-09-05 02:14:52', 0),
(141, 141, 141, '报备客户', '2016年09月05日', '2016-09-05 02:53:56', 0),
(142, 142, 142, '报备客户', '2016年09月05日', '2016-09-05 02:58:00', 0),
(143, 143, 143, '报备客户', '2016年09月05日', '2016-09-05 03:00:16', 0),
(144, 144, 144, '报备客户', '2016年09月05日', '2016-09-05 03:16:44', 0),
(145, 145, 145, '报备客户', '2016年09月05日', '2016-09-05 05:36:11', 0),
(146, 146, 146, '报备客户', '2016年09月05日', '2016-09-05 08:01:52', 0),
(147, 147, 147, '报备客户', '2016年09月06日', '2016-09-06 01:58:36', 0),
(148, 148, 148, '报备客户', '2016年09月06日', '2016-09-06 02:29:24', 0),
(149, 149, 149, '报备客户', '2016年09月06日', '2016-09-06 06:40:29', 0),
(150, 150, 150, '报备客户', '2016年09月06日', '2016-09-06 06:41:02', 0),
(151, 151, 151, '报备客户', '2016年09月06日', '2016-09-06 06:41:44', 0),
(152, 152, 152, '报备客户', '2016年09月06日', '2016-09-06 06:48:17', 0),
(153, 153, 153, '报备客户', '2016年09月06日', '2016-09-06 06:57:41', 0),
(154, 154, 154, '报备客户', '2016年09月06日', '2016-09-06 07:47:28', 0),
(155, 155, 155, '报备客户', '2016年09月06日', '2016-09-06 10:13:16', 0),
(156, 156, 156, '报备客户', '2016年09月07日', '2016-09-07 06:00:27', 0),
(157, 157, 157, '报备客户', '2016年09月07日', '2016-09-07 06:01:43', 0),
(158, 158, 158, '报备客户', '2016年09月07日', '2016-09-07 06:03:39', 0),
(159, 159, 159, '报备客户', '2016年09月07日', '2016-09-07 07:13:53', 0),
(160, 160, 160, '报备客户', '2016年09月07日', '2016-09-07 07:41:56', 0),
(161, 161, 161, '报备客户', '2016年09月07日', '2016-09-07 09:18:11', 0),
(162, 162, 162, '报备客户', '2016年09月07日', '2016-09-07 09:20:45', 0),
(163, 163, 163, '报备客户', '2016年09月07日', '2016-09-07 09:43:49', 0),
(164, 164, 164, '报备客户', '2016年09月07日', '2016-09-07 09:46:53', 0),
(165, 165, 165, '报备客户', '2016年09月07日', '2016-09-07 10:08:46', 0),
(166, 166, 166, '报备客户', '2016年09月08日', '2016-09-08 07:59:05', 0),
(167, 167, 167, '报备客户', '2016年09月08日', '2016-09-08 07:59:50', 0),
(168, 168, 168, '报备客户', '2016年09月08日', '2016-09-08 08:00:25', 0),
(169, 169, 169, '报备客户', '2016年09月09日', '2016-09-09 05:45:45', 0),
(170, 170, 170, '报备客户', '2016年09月09日', '2016-09-09 10:18:09', 0),
(171, 171, 171, '报备客户', '2016年09月11日', '2016-09-11 07:46:32', 0),
(172, 172, 172, '报备客户', '2016年09月12日', '2016-09-12 02:11:28', 0),
(173, 173, 173, '报备客户', '2016年09月12日', '2016-09-12 02:14:01', 0),
(174, 174, 174, '报备客户', '2016年09月12日', '2016-09-12 02:16:38', 0),
(175, 175, 175, '报备客户', '2016年09月12日', '2016-09-12 02:18:17', 0),
(176, 176, 176, '报备客户', '2016年09月12日', '2016-09-12 02:27:26', 0),
(177, 177, 177, '报备客户', '2016年09月12日', '2016-09-12 03:12:12', 0),
(178, 178, 178, '报备客户', '2016年09月12日', '2016-09-12 09:32:12', 0),
(179, 179, 179, '报备客户', '2016年09月13日', '2016-09-13 02:26:18', 0),
(180, 180, 180, '报备客户', '2016年09月13日', '2016-09-13 02:33:24', 0),
(181, 181, 181, '报备客户', '2016年09月13日', '2016-09-13 06:00:16', 0),
(182, 182, 182, '报备客户', '2016年09月13日', '2016-09-13 07:07:24', 0),
(183, 183, 183, '报备客户', '2016年09月13日', '2016-09-13 08:01:55', 0),
(184, 184, 184, '报备客户', '2016年09月13日', '2016-09-13 08:34:54', 0),
(185, 185, 185, '报备客户', '2016年09月13日', '2016-09-13 09:39:03', 0),
(186, 186, 186, '报备客户', '2016年09月13日', '2016-09-13 15:34:45', 0),
(187, 187, 187, '报备客户', '2016年09月14日', '2016-09-14 02:25:52', 0),
(188, 188, 188, '报备客户', '2016年09月14日', '2016-09-14 07:39:10', 0),
(189, 189, 189, '报备客户', '2016年09月15日', '2016-09-15 08:41:24', 0),
(190, 190, 190, '报备客户', '2016年09月17日', '2016-09-17 03:05:41', 0),
(191, 191, 191, '报备客户', '2016年09月17日', '2016-09-17 03:06:28', 0),
(192, 192, 192, '报备客户', '2016年09月17日', '2016-09-17 05:59:12', 0),
(193, 193, 193, '报备客户', '2016年09月17日', '2016-09-17 06:00:25', 0),
(194, 194, 194, '报备客户', '2016年09月17日', '2016-09-17 07:56:34', 0),
(195, 195, 195, '报备客户', '2016年09月17日', '2016-09-17 09:23:54', 0),
(196, 196, 196, '报备客户', '2016年09月18日', '2016-09-18 01:55:30', 0),
(197, 197, 197, '报备客户', '2016年09月18日', '2016-09-18 02:05:19', 0),
(198, 198, 198, '报备客户', '2016年09月18日', '2016-09-18 07:01:26', 0),
(199, 199, 199, '报备客户', '2016年09月18日', '2016-09-18 08:05:41', 0),
(200, 200, 200, '报备客户', '2016年09月19日', '2016-09-19 05:41:53', 0),
(201, 201, 201, '报备客户', '2016年09月20日', '2016-09-20 05:47:22', 0);

-- --------------------------------------------------------

--
-- 表的结构 `member`
--

CREATE TABLE IF NOT EXISTS `member` (
  `mid` int(10) unsigned NOT NULL AUTO_INCREMENT,
  `username` varchar(225) NOT NULL,
  `password` varchar(225) NOT NULL,
  `status` int(10) unsigned NOT NULL DEFAULT '0',
  `time` timestamp NOT NULL DEFAULT CURRENT_TIMESTAMP,
  `baobeiren` varchar(45) NOT NULL,
  `a_class` int(10) unsigned NOT NULL DEFAULT '0',
  PRIMARY KEY (`mid`)
) ENGINE=InnoDB  DEFAULT CHARSET=gbk AUTO_INCREMENT=90 ;

--
-- 转存表中的数据 `member`
--

INSERT INTO `member` (`mid`, `username`, `password`, `status`, `time`, `baobeiren`, `a_class`) VALUES
(1, '13480731740', 'e10adc3949ba59abbe56e057f20f883e', 0, '2016-07-24 00:34:43', '陈小龙', 0),
(2, '13592778181', '202cb962ac59075b964b07152d234b70', 0, '2016-07-24 00:57:07', '罗贵怀', 0),
(3, '13538689969', '8ed6d955859a773c63e8414acd34c63c', 0, '2016-07-24 02:52:19', '曾伟化', 0),
(5, '13790686758', '1f1cc9f5e357bc81744c3c8ded18928c', 0, '2016-07-25 06:53:45', '王慧', 0),
(6, '18688818657', '7a2eb41a38a8f4e39c1586649da21e5f', 0, '2016-07-26 03:42:00', '车友第一国际', 0),
(7, '13113121843', '695b89d4c763f104e81d6c1e492fe4f2', 0, '2016-07-26 05:06:40', '黎雯', 0),
(8, '15322898922', '7cd8d42326e758ab933ab03c7e78d66b', 0, '2016-07-26 05:17:38', '李金龙', 0),
(9, '18660836375', 'd84e28c3dcdc7025dc33ac709613bd31', 0, '2016-07-26 05:23:47', '郑亚洲', 0),
(10, '18607692838', '00fb6adbe8ed5b89539df9483659276b', 0, '2016-07-26 06:21:51', '邓先生', 0),
(11, '13829106316', '543f17875c440d8bbc91a294051596aa', 0, '2016-07-26 06:33:24', '洪锋华', 0),
(13, '13026807772', '06af94d6dded84b08554d5d49741cb69', 0, '2016-07-26 07:07:21', '创业路一车友一李丽霞', 0),
(15, '18576358883', 'e10adc3949ba59abbe56e057f20f883e', 0, '2016-07-26 07:09:22', '周园', 0),
(20, '13790205313', 'ec881e39764f7ed316e5e2e7b38ca3c5', 0, '2016-07-26 07:17:46', '白海燕', 0),
(21, '13580902123', '6e5fbf80b81f1c9a2fb085e951e1a31d', 0, '2016-07-26 14:01:48', '张杰', 0),
(22, '13926819843', '2f26820155d48b77c48a1b9965b1dc9b', 0, '2016-07-26 15:38:46', '覃志观', 0),
(23, '18688818103', 'e10adc3949ba59abbe56e057f20f883e', 0, '2016-07-27 02:38:16', '车友爱迪李妹军', 0),
(24, '18688818676', '6c5e1faaf7cd8be803964952c642f9ec', 0, '2016-07-27 09:12:33', '车友红荔熊艳', 0),
(25, '13925588878', 'bd01cdbd31f8e52d9fed1a8548951d8b', 0, '2016-07-27 09:12:47', '梁沛林', 0),
(26, '18688818626', 'e10adc3949ba59abbe56e057f20f883e', 0, '2016-07-27 10:48:21', '车友大岭山杨雪卉', 0),
(27, '13926845555', '96e79218965eb72c92a549dd5a330112', 0, '2016-07-27 12:03:31', '李小军', 0),
(28, '13377788138', 'a6ae12b7c5280b20b6db3a7bfda7fb2d', 0, '2016-07-27 13:34:51', '黄满棠', 0),
(29, '15118380033', '81dc9bdb52d04dc20036dbd8313ed055', 0, '2016-07-27 14:33:32', '黎章润', 0),
(30, '13412653481', 'e10adc3949ba59abbe56e057f20f883e', 0, '2016-07-28 04:04:13', '东大姚炳坤', 0),
(31, '15362819697', 'ded8e183b9ff6d54c139cf5c062df58a', 0, '2016-07-28 10:32:15', '李小卫', 0),
(32, '13760033333', '25f9e794323b453885f5181f1b624d0b', 0, '2016-07-28 11:21:50', '陈', 0),
(33, '18688818950', 'b9061c83b7bceeb2b7ca727848a6a42a', 0, '2016-07-29 02:50:02', '车友驾校东坑黎娟', 0),
(34, '15272840112', '49062c56479de95281007e39b661119a', 0, '2016-07-29 04:27:33', '车友横沥周姚华', 0),
(35, '18688818985', '813879badff6f60b5e95b14c6350eeb8', 0, '2016-07-29 05:46:14', '车友石排黄春莲', 0),
(36, '18664159824', '960e6f8864b30f4777d8696ec1e3d001', 0, '2016-07-29 07:52:36', '马艳艳', 0),
(37, '18688818910', '95c5eb43c073ac8c7a8df25685e64d99', 0, '2016-07-29 09:11:31', '车友新世纪—骆霞', 0),
(38, '13902619664', 'e10adc3949ba59abbe56e057f20f883e', 0, '2016-08-01 00:57:13', '刘永彪', 0),
(39, '18688818115', '0530e06069c8437ed7fe65597d4bc68e', 0, '2016-08-01 03:39:18', '陈土轩车友', 0),
(40, '18688818961', '22db8671a87b80a798639779d079cb69', 0, '2016-08-01 04:13:30', '车友文化', 0),
(41, '18688819993', '21218cca77804d2ba1922c33e0151105', 0, '2016-08-01 05:37:13', '车友三中（袁淑婷）', 0),
(42, '13650117182', '789ff7a2d96c4ec80adff0f270992ff4', 0, '2016-08-02 10:08:41', '陈晓波', 0),
(43, '18038236299', '9d1182f9eafa6672a186a03173cb585d', 0, '2016-08-03 07:58:11', '德优地产一刘生', 0),
(44, '13713339223', '10d0044037640bdf3c427dbe7e72b58f', 0, '2016-08-03 08:10:04', '郝增敬', 0),
(45, '18002706266', '59e6afac1a897dcbba43e22f0dc70f21', 0, '2016-08-03 10:17:28', '好旺来汽修      蓝先生', 0),
(46, '18688818908', 'f3894520212e4b50fe5098c53dd9b390', 0, '2016-08-05 08:05:30', '车友金鹿李静', 0),
(47, '13798736801', 'bb5ccfe4b51f3ba525cdd0fc46ef4aa4', 0, '2016-08-08 07:16:19', '冼宁', 0),
(48, '15015380681', 'b5dca95d83dcb854665d219be23e2100', 0, '2016-08-08 09:09:55', '黎焕荣', 0),
(49, '13433018484', 'bd01cdbd31f8e52d9fed1a8548951d8b', 0, '2016-08-08 09:14:21', '刘冠英', 0),
(50, '18665198098', '36e1a5072c78359066ed7715f5ff3da8', 0, '2016-08-08 23:24:54', '罗先建', 0),
(51, '13537366869', 'b5f6effe0e711a3263b3f34d1c46c96c', 0, '2016-08-09 06:21:30', '夏何佩言', 0),
(52, '15992862628', 'bd01cdbd31f8e52d9fed1a8548951d8b', 0, '2016-08-09 08:34:06', '陈惠群', 0),
(53, '18775410962', 'b7656e76efe932daafc2bd2e20611994', 0, '2016-08-11 10:10:28', '飞龙天', 0),
(54, '13763195656', '9afac57a5e006f8231c28e41dc61ba19', 0, '2016-08-12 04:00:56', '狮享汇', 0),
(55, '18090179947', 'd75e3d47af730b033105dd3542501edd', 0, '2016-08-17 23:35:32', '项芳', 0),
(56, '13049003034', 'd75e3d47af730b033105dd3542501edd', 0, '2016-08-17 23:36:11', '项芳', 0),
(57, '13797067152', '2b02d21bfdcfdd47fd6137f65d040ae3', 0, '2016-08-18 02:10:02', '马嫣然', 0),
(58, '13797067152', '2b02d21bfdcfdd47fd6137f65d040ae3', 0, '2016-08-18 02:10:02', '马嫣然', 0),
(59, '13016643322', '75360c1a9e9e44fac71ca3a91dd48946', 0, '2016-08-18 07:42:53', '李塘利', 0),
(60, '15766235636', '6eea9b7ef19179a06954edd0f6c05ceb', 0, '2016-08-19 07:20:10', '林春苑', 0),
(61, '13316685068', '3ef3cafa95f9a81f869af88027fea676', 0, '2016-08-19 08:01:34', '刘卫国', 0),
(62, '13349291090', '7b85e76f9a2dffc65aec3f4d5d751cb2', 0, '2016-08-19 15:11:58', '李建平', 0),
(63, '13316625366', '202cb962ac59075b964b07152d234b70', 0, '2016-08-22 09:48:36', '雷生', 0),
(64, '18825544356', '1dabdb6b8bb27d95fa2ebd9bb49ab448', 0, '2016-08-25 12:31:58', '安家地产邱治岚', 0),
(65, '13538428964', '417553f6e013c96cc30ca4dc1460e78e', 0, '2016-08-25 12:32:13', '安家地产钱陆军', 0),
(66, '13546941998', '39ad0a9cf7da2ba591f53828e318443a', 0, '2016-08-25 14:32:15', '张磊', 0),
(67, '13414220060', '58a9a93a7b8172751b331e837ed5b034', 0, '2016-08-25 14:32:16', '安家地产--尹家鹏', 0),
(68, '13380152334', '6a1a04351ea9ba5ce47244e56a2899d7', 0, '2016-08-25 14:32:16', '安家地产容晓明', 0),
(69, '13927420291', 'e296b4f6bc53fe3e2b91125102198701', 0, '2016-09-01 15:42:31', '郭小杰', 0),
(70, '18925887772', 'b8a149af3a16a3f7b83031209425e174', 0, '2016-09-03 07:37:20', '郑东宝', 0),
(71, '13726406501', 'c5cab679d736c57fc075ca9b3a80c258', 0, '2016-09-05 02:50:07', '李甘露', 0),
(72, '15992876830', 'd6c66bb7a10ac9f17859e7616b749a5f', 0, '2016-09-08 03:24:41', '杨华容', 0),
(73, '15015160209', '1825fc8742cabd9bb28694602bb39052', 0, '2016-09-11 07:43:03', '甘园园', 0),
(74, '15013619173', '7ca3d3d1434708e097e8167dab05c7aa', 0, '2016-09-12 08:06:02', '艾如亮', 0),
(75, '13650316166', 'dde3b0e4ca6615cb8c6c89061ddc2d7d', 0, '2016-09-12 08:06:14', '黄秋生', 0),
(76, '13567439185', '347412fc454961895175dbbe941fa371', 0, '2016-09-12 08:19:25', '张义耀', 0),
(77, '13412121212', '42835c079b8db43cb2fb41bd806c1153', 0, '2016-09-12 08:27:35', '辛雪辉', 0),
(78, '15602697273', '202cb962ac59075b964b07152d234b70', 0, '2016-09-12 09:31:02', '小月', 0),
(79, '15919900511', 'a479bfdaf13103848d3b84212553d3bd', 0, '2016-09-12 11:46:07', '毕秀丽', 0),
(80, '18029031646', 'cb1ef4d01fb5129f44e4d616bfc0b4ab', 0, '2016-09-12 14:27:21', '赵静', 0),
(81, '13713163383', 'e10adc3949ba59abbe56e057f20f883e', 0, '2016-09-13 05:57:14', '梁先生', 0),
(82, '13763207038', 'b01223b7ec06e943d0783564611d38a2', 0, '2016-09-13 06:29:26', '梁生', 0),
(83, '18925416547', '555839b94596ecae0f728846cb577ed5', 0, '2016-09-13 06:37:05', '唐生', 0),
(84, '13925554663', 'f0d497f239ecab7511c9548a0fbc77dd', 0, '2016-09-13 06:42:15', '晓晓', 0),
(85, '18024441170', 'f5318ff362174acc66b7e46437e5b832', 0, '2016-09-13 15:33:04', '佃卓帆', 0),
(86, '18129840048', '1720791a880bf462b08055cb1becaf0d', 0, '2016-09-14 11:16:12', '南云松', 0),
(87, '18929261515', '4e563b7159522ee7ae39d439fdb25274', 0, '2016-09-15 15:22:11', '彭美凤', 0),
(88, '13650312369', 'dc483e80a7a0bd9ef71d8cf973673924', 0, '2016-09-19 02:11:26', '臧伟利', 0),
(89, '18824572545', 'c5585e0bb884ca8be18a5cba1390f27a', 0, '2016-09-19 02:13:13', '黄经让', 0);

-- --------------------------------------------------------

--
-- 表的结构 `money`
--

CREATE TABLE IF NOT EXISTS `money` (
  `m_mid` int(10) unsigned NOT NULL AUTO_INCREMENT,
  `baobeiren` varchar(45) NOT NULL,
  `tuijianren` varchar(45) NOT NULL,
  `m_yongjin` int(10) unsigned NOT NULL,
  `m_date` varchar(45) NOT NULL,
  `m_notes` varchar(45) NOT NULL,
  `m_status` int(10) unsigned NOT NULL DEFAULT '0',
  `m_time` timestamp NOT NULL DEFAULT CURRENT_TIMESTAMP,
  `cid` int(10) unsigned NOT NULL,
  PRIMARY KEY (`m_mid`)
) ENGINE=InnoDB  DEFAULT CHARSET=gbk AUTO_INCREMENT=202 ;

--
-- 转存表中的数据 `money`
--

INSERT INTO `money` (`m_mid`, `baobeiren`, `tuijianren`, `m_yongjin`, `m_date`, `m_notes`, `m_status`, `m_time`, `cid`) VALUES
(2, '罗贵怀', '13592778181', 0, '2016-07-24', '', 0, '2016-07-24 01:11:17', 2),
(5, '王慧', '13790686758', 0, '2016-07-25', '', 0, '2016-07-25 07:04:55', 5),
(6, '罗贵怀', '13592778181', 0, '2016-07-25', '', 0, '2016-07-25 10:46:10', 6),
(7, '罗贵怀', '13592778181', 0, '2016-07-26', '', 0, '2016-07-26 03:08:08', 7),
(8, '邓先生', '18607692838', 0, '2016-07-26', '', 0, '2016-07-26 06:26:00', 8),
(9, '邓先生', '18607692838', 0, '2016-07-26', '', 0, '2016-07-26 06:29:07', 9),
(10, '邓先生', '18607692838', 0, '2016-07-26', '', 0, '2016-07-26 06:33:24', 10),
(11, '邓先生', '18607692838', 0, '2016-07-26', '', 0, '2016-07-26 06:37:35', 11),
(12, '邓先生', '18607692838', 0, '2016-07-26', '', 0, '2016-07-26 06:49:04', 12),
(13, '邓先生', '18607692838', 0, '2016-07-26', '', 0, '2016-07-26 06:52:52', 13),
(14, '邓先生', '18607692838', 0, '2016-07-26', '', 0, '2016-07-26 06:54:11', 14),
(15, '邓先生', '18607692838', 0, '2016-07-26', '', 0, '2016-07-26 06:56:51', 15),
(16, '邓先生', '18607692838', 0, '2016-07-26', '', 0, '2016-07-26 06:58:06', 16),
(17, '邓先生', '18607692838', 0, '2016-07-26', '', 0, '2016-07-26 06:59:23', 17),
(18, '邓先生', '18607692838', 0, '2016-07-26', '', 0, '2016-07-26 07:00:36', 18),
(21, '邓先生', '18607692838', 0, '2016-07-28', '', 0, '2016-07-28 02:41:18', 21),
(22, '创业路一车友一李丽霞', '13026807772', 0, '2016-07-28', '', 0, '2016-07-28 06:20:48', 22),
(23, '陈', '13760033333', 0, '2016-07-28', '', 0, '2016-07-28 11:24:25', 23),
(24, '黄满棠', '13377788138', 0, '2016-07-29', '', 0, '2016-07-29 02:42:35', 24),
(25, '黄满棠', '13377788138', 0, '2016-07-29', '', 0, '2016-07-29 02:46:37', 25),
(26, '罗贵怀', '13592778181', 0, '2016-07-30', '', 0, '2016-07-30 02:15:12', 26),
(27, '车友大岭山杨雪卉', '18688818626', 0, '2016-08-01', '', 0, '2016-08-01 01:11:54', 27),
(28, '车友驾校东坑黎娟', '18688818950', 0, '2016-08-01', '', 0, '2016-08-01 03:27:35', 28),
(29, '罗贵怀', '13592778181', 0, '2016-08-02', '', 0, '2016-08-02 03:25:10', 29),
(30, '陈晓波', '13650117182', 0, '2016-08-02', '', 0, '2016-08-02 10:10:28', 30),
(31, '洪锋华', '13829106316', 0, '2016-08-03', '', 0, '2016-08-03 06:55:04', 31),
(32, '创业路一车友一李丽霞', '13026807772', 0, '2016-08-05', '', 0, '2016-08-05 05:43:15', 32),
(33, '夏何佩言', '13537366869', 0, '2016-08-09', '', 0, '2016-08-09 06:23:47', 33),
(34, '罗贵怀', '13592778181', 0, '2016-08-14', '', 0, '2016-08-14 14:06:46', 34),
(36, '马嫣然', '13797067152', 0, '2016-08-18', '', 0, '2016-08-18 02:16:17', 36),
(37, '马嫣然', '13797067152', 0, '2016-08-18', '', 0, '2016-08-18 06:21:00', 37),
(38, '马嫣然', '13797067152', 0, '2016-08-18', '', 0, '2016-08-18 07:48:01', 38),
(39, '李塘利', '13016643322', 0, '2016-08-18', '', 0, '2016-08-18 07:51:40', 39),
(40, '马嫣然', '13797067152', 0, '2016-08-18', '', 0, '2016-08-18 08:31:21', 40),
(41, '马嫣然', '13797067152', 0, '2016-08-18', '', 0, '2016-08-18 09:02:13', 41),
(42, '曾伟化', '13538689969', 0, '2016-08-18', '', 0, '2016-08-18 09:32:02', 42),
(43, '曾伟化', '13538689969', 0, '2016-08-18', '', 0, '2016-08-18 09:34:05', 43),
(44, '曾伟化', '13538689969', 0, '2016-08-18', '', 0, '2016-08-18 09:35:42', 44),
(45, '曾伟化', '13538689969', 0, '2016-08-18', '', 0, '2016-08-18 09:38:40', 45),
(46, '曾伟化', '13538689969', 0, '2016-08-18', '', 0, '2016-08-18 09:44:38', 46),
(47, '曾伟化', '13538689969', 0, '2016-08-18', '', 0, '2016-08-18 09:47:56', 47),
(48, '曾伟化', '13538689969', 0, '2016-08-18', '', 0, '2016-08-18 09:49:38', 48),
(49, '马嫣然', '13797067152', 0, '2016-08-18', '', 0, '2016-08-18 10:41:25', 49),
(50, '马嫣然', '13797067152', 0, '2016-08-18', '', 0, '2016-08-18 10:42:40', 50),
(51, '马嫣然', '13797067152', 0, '2016-08-18', '', 0, '2016-08-18 10:45:45', 51),
(52, '马嫣然', '13797067152', 0, '2016-08-18', '', 0, '2016-08-18 10:48:20', 52),
(53, '马嫣然', '13797067152', 0, '2016-08-19', '', 0, '2016-08-19 03:42:54', 53),
(54, '林春苑', '15766235636', 0, '2016-08-19', '', 0, '2016-08-19 07:24:57', 54),
(55, '林春苑', '15766235636', 0, '2016-08-19', '', 0, '2016-08-19 07:40:43', 55),
(56, '林春苑', '15766235636', 0, '2016-08-19', '', 0, '2016-08-19 07:44:24', 56),
(57, '林春苑', '15766235636', 0, '2016-08-19', '', 0, '2016-08-19 07:49:19', 57),
(58, '林春苑', '15766235636', 0, '2016-08-19', '', 0, '2016-08-19 07:50:38', 58),
(59, '罗贵怀', '13592778181', 0, '2016-08-19', '', 0, '2016-08-19 08:19:16', 59),
(60, '李塘利', '13016643322', 0, '2016-08-20', '', 0, '2016-08-20 08:16:20', 60),
(61, '李塘利', '13016643322', 0, '2016-08-20', '', 0, '2016-08-20 08:25:47', 61),
(62, '马嫣然', '13797067152', 0, '2016-08-20', '', 0, '2016-08-20 10:14:44', 62),
(63, '林春苑', '15766235636', 0, '2016-08-21', '', 0, '2016-08-21 03:34:27', 63),
(64, '林春苑', '15766235636', 0, '2016-08-21', '', 0, '2016-08-21 03:37:54', 64),
(65, '林春苑', '15766235636', 0, '2016-08-21', '', 0, '2016-08-21 03:40:48', 65),
(66, '林春苑', '15766235636', 0, '2016-08-21', '', 0, '2016-08-21 07:30:34', 66),
(67, '林春苑', '15766235636', 0, '2016-08-21', '', 0, '2016-08-21 08:14:44', 67),
(68, '林春苑', '15766235636', 0, '2016-08-21', '', 0, '2016-08-21 09:17:22', 68),
(69, '林春苑', '15766235636', 0, '2016-08-21', '', 0, '2016-08-21 09:19:42', 69),
(70, '林春苑', '15766235636', 0, '2016-08-21', '', 0, '2016-08-21 09:36:32', 70),
(71, '林春苑', '15766235636', 0, '2016-08-22', '', 0, '2016-08-22 02:35:08', 71),
(72, '林春苑', '15766235636', 0, '2016-08-22', '', 0, '2016-08-22 02:38:24', 72),
(73, '林春苑', '15766235636', 0, '2016-08-22', '', 0, '2016-08-22 02:39:18', 73),
(74, '林春苑', '15766235636', 0, '2016-08-22', '', 0, '2016-08-22 02:40:23', 74),
(75, '林春苑', '15766235636', 0, '2016-08-22', '', 0, '2016-08-22 06:00:41', 75),
(76, '林春苑', '15766235636', 0, '2016-08-22', '', 0, '2016-08-22 06:14:06', 76),
(77, '马嫣然', '13797067152', 0, '2016-08-22', '', 0, '2016-08-22 06:15:27', 77),
(78, '林春苑', '15766235636', 0, '2016-08-22', '', 0, '2016-08-22 06:25:40', 78),
(79, '马嫣然', '13797067152', 0, '2016-08-22', '', 0, '2016-08-22 06:30:24', 79),
(80, '马嫣然', '13797067152', 0, '2016-08-22', '', 0, '2016-08-22 06:34:27', 80),
(81, '马嫣然', '13797067152', 0, '2016-08-22', '', 0, '2016-08-22 06:39:32', 81),
(82, '马嫣然', '13797067152', 0, '2016-08-22', '', 0, '2016-08-22 06:43:03', 82),
(83, '马嫣然', '13797067152', 0, '2016-08-22', '', 0, '2016-08-22 06:51:23', 83),
(84, '马嫣然', '13797067152', 0, '2016-08-22', '', 0, '2016-08-22 06:55:59', 84),
(85, '马嫣然', '13797067152', 0, '2016-08-22', '', 0, '2016-08-22 07:05:06', 85),
(86, '雷生', '13316625366', 0, '2016-08-22', '', 0, '2016-08-22 09:50:13', 86),
(87, '林春苑', '15766235636', 0, '2016-08-23', '', 0, '2016-08-23 03:41:40', 87),
(88, '林春苑', '15766235636', 0, '2016-08-23', '', 0, '2016-08-23 03:45:05', 88),
(89, '林春苑', '15766235636', 0, '2016-08-23', '', 0, '2016-08-23 03:46:14', 89),
(90, '林春苑', '15766235636', 0, '2016-08-23', '', 0, '2016-08-23 03:47:08', 90),
(91, '林春苑', '15766235636', 0, '2016-08-23', '', 0, '2016-08-23 08:16:17', 91),
(92, '林春苑', '15766235636', 0, '2016-08-23', '', 0, '2016-08-23 09:57:09', 92),
(93, '林春苑', '15766235636', 0, '2016-08-24', '', 0, '2016-08-24 09:26:39', 93),
(94, '林春苑', '15766235636', 0, '2016-08-24', '', 0, '2016-08-24 09:27:55', 94),
(95, '林春苑', '15766235636', 0, '2016-08-25', '', 0, '2016-08-25 08:30:27', 95),
(96, '林春苑', '15766235636', 0, '2016-08-25', '', 0, '2016-08-25 08:43:42', 96),
(97, '林春苑', '15766235636', 0, '2016-08-25', '', 0, '2016-08-25 09:59:21', 97),
(98, '曾伟化', '13538689969', 0, '2016-08-26', '', 0, '2016-08-26 03:36:10', 98),
(99, '林春苑', '15766235636', 0, '2016-08-26', '', 0, '2016-08-26 06:41:44', 99),
(100, '林春苑', '15766235636', 0, '2016-08-26', '', 0, '2016-08-26 06:42:27', 100),
(101, '林春苑', '15766235636', 0, '2016-08-26', '', 0, '2016-08-26 07:35:27', 101),
(102, '张磊', '13546941998', 0, '2016-08-27', '', 0, '2016-08-27 02:09:28', 102),
(103, '张磊', '13546941998', 0, '2016-08-27', '', 0, '2016-08-27 02:43:47', 103),
(104, '林春苑', '15766235636', 0, '2016-08-27', '', 0, '2016-08-27 04:01:45', 104),
(105, '林春苑', '15766235636', 0, '2016-08-27', '', 0, '2016-08-27 05:39:38', 105),
(106, '林春苑', '15766235636', 0, '2016-08-27', '', 0, '2016-08-27 05:42:27', 106),
(107, '林春苑', '15766235636', 0, '2016-08-27', '', 0, '2016-08-27 10:05:25', 107),
(108, '林春苑', '15766235636', 0, '2016-08-29', '', 0, '2016-08-29 06:13:40', 108),
(109, '林春苑', '15766235636', 0, '2016-08-29', '', 0, '2016-08-29 06:17:47', 109),
(110, '林春苑', '15766235636', 0, '2016-08-29', '', 0, '2016-08-29 06:26:57', 110),
(111, '林春苑', '15766235636', 0, '2016-08-29', '', 0, '2016-08-29 06:29:55', 111),
(112, '林春苑', '15766235636', 0, '2016-08-29', '', 0, '2016-08-29 06:31:55', 112),
(113, '曾伟化', '13538689969', 0, '2016-08-29', '', 0, '2016-08-29 10:53:17', 113),
(114, '曾伟化', '13538689969', 0, '2016-08-29', '', 0, '2016-08-29 11:00:36', 114),
(115, '林春苑', '15766235636', 0, '2016-08-30', '', 0, '2016-08-30 02:18:12', 115),
(116, '林春苑', '15766235636', 0, '2016-08-30', '', 0, '2016-08-30 03:11:41', 116),
(117, '林春苑', '15766235636', 0, '2016-08-31', '', 0, '2016-08-31 06:04:36', 117),
(118, '林春苑', '15766235636', 0, '2016-08-31', '', 0, '2016-08-31 06:07:32', 118),
(119, '林春苑', '15766235636', 0, '2016-08-31', '', 0, '2016-08-31 06:37:14', 119),
(120, '林春苑', '15766235636', 0, '2016-08-31', '', 0, '2016-08-31 06:52:23', 120),
(121, '林春苑', '15766235636', 0, '2016-08-31', '', 0, '2016-08-31 07:05:12', 121),
(122, '林春苑', '15766235636', 0, '2016-08-31', '', 0, '2016-08-31 07:19:49', 122),
(123, '林春苑', '15766235636', 0, '2016-08-31', '', 0, '2016-08-31 08:19:50', 123),
(124, '林春苑', '15766235636', 0, '2016-08-31', '', 0, '2016-08-31 08:29:00', 124),
(125, '林春苑', '15766235636', 0, '2016-09-01', '', 0, '2016-09-01 02:19:44', 125),
(126, '林春苑', '15766235636', 0, '2016-09-01', '', 0, '2016-09-01 08:34:10', 126),
(127, '林春苑', '15766235636', 0, '2016-09-01', '', 0, '2016-09-01 09:43:53', 127),
(128, '林春苑', '15766235636', 0, '2016-09-02', '', 0, '2016-09-02 01:56:47', 128),
(129, '林春苑', '15766235636', 0, '2016-09-02', '', 0, '2016-09-02 02:09:39', 129),
(130, '林春苑', '15766235636', 0, '2016-09-02', '', 0, '2016-09-02 02:10:32', 130),
(131, '林春苑', '15766235636', 0, '2016-09-02', '', 0, '2016-09-02 02:50:14', 131),
(132, '林春苑', '15766235636', 0, '2016-09-02', '', 0, '2016-09-02 03:16:05', 132),
(134, '林春苑', '15766235636', 0, '2016-09-02', '', 0, '2016-09-02 06:34:39', 134),
(135, '林春苑', '15766235636', 0, '2016-09-02', '', 0, '2016-09-02 08:00:52', 135),
(136, '林春苑', '15766235636', 0, '2016-09-03', '', 0, '2016-09-03 02:16:18', 136),
(137, '林春苑', '15766235636', 0, '2016-09-03', '', 0, '2016-09-03 02:17:52', 137),
(138, '林春苑', '15766235636', 0, '2016-09-03', '', 0, '2016-09-03 02:18:38', 138),
(139, '林春苑', '15766235636', 0, '2016-09-03', '', 0, '2016-09-03 09:39:35', 139),
(140, '林春苑', '15766235636', 0, '2016-09-05', '', 0, '2016-09-05 02:14:52', 140),
(141, '王慧', '13790686758', 0, '2016-09-05', '', 0, '2016-09-05 02:53:56', 141),
(142, '林春苑', '15766235636', 0, '2016-09-05', '', 0, '2016-09-05 02:58:00', 142),
(143, '林春苑', '15766235636', 0, '2016-09-05', '', 0, '2016-09-05 03:00:16', 143),
(144, '林春苑', '15766235636', 0, '2016-09-05', '', 0, '2016-09-05 03:16:44', 144),
(145, '林春苑', '15766235636', 0, '2016-09-05', '', 0, '2016-09-05 05:36:11', 145),
(146, '林春苑', '15766235636', 0, '2016-09-05', '', 0, '2016-09-05 08:01:51', 146),
(147, '林春苑', '15766235636', 0, '2016-09-06', '', 0, '2016-09-06 01:58:36', 147),
(148, '林春苑', '15766235636', 0, '2016-09-06', '', 0, '2016-09-06 02:29:24', 148),
(149, '林春苑', '15766235636', 0, '2016-09-06', '', 0, '2016-09-06 06:40:29', 149),
(150, '林春苑', '15766235636', 0, '2016-09-06', '', 0, '2016-09-06 06:41:02', 150),
(151, '林春苑', '15766235636', 0, '2016-09-06', '', 0, '2016-09-06 06:41:44', 151),
(152, '林春苑', '15766235636', 0, '2016-09-06', '', 0, '2016-09-06 06:48:17', 152),
(153, '林春苑', '15766235636', 0, '2016-09-06', '', 0, '2016-09-06 06:57:41', 153),
(154, '林春苑', '15766235636', 0, '2016-09-06', '', 0, '2016-09-06 07:47:28', 154),
(155, '林春苑', '15766235636', 0, '2016-09-06', '', 0, '2016-09-06 10:13:16', 155),
(156, '林春苑', '15766235636', 0, '2016-09-07', '', 0, '2016-09-07 06:00:27', 156),
(157, '林春苑', '15766235636', 0, '2016-09-07', '', 0, '2016-09-07 06:01:43', 157),
(158, '林春苑', '15766235636', 0, '2016-09-07', '', 0, '2016-09-07 06:03:39', 158),
(159, '林春苑', '15766235636', 0, '2016-09-07', '', 0, '2016-09-07 07:13:53', 159),
(160, '林春苑', '15766235636', 0, '2016-09-07', '', 0, '2016-09-07 07:41:56', 160),
(161, '林春苑', '15766235636', 0, '2016-09-07', '', 0, '2016-09-07 09:18:11', 161),
(162, '林春苑', '15766235636', 0, '2016-09-07', '', 0, '2016-09-07 09:20:45', 162),
(163, '林春苑', '15766235636', 0, '2016-09-07', '', 0, '2016-09-07 09:43:49', 163),
(164, '林春苑', '15766235636', 0, '2016-09-07', '', 0, '2016-09-07 09:46:53', 164),
(165, '林春苑', '15766235636', 0, '2016-09-07', '', 0, '2016-09-07 10:08:46', 165),
(166, '林春苑', '15766235636', 0, '2016-09-08', '', 0, '2016-09-08 07:59:05', 166),
(167, '林春苑', '15766235636', 0, '2016-09-08', '', 0, '2016-09-08 07:59:50', 167),
(168, '林春苑', '15766235636', 0, '2016-09-08', '', 0, '2016-09-08 08:00:25', 168),
(169, '林春苑', '15766235636', 0, '2016-09-09', '', 0, '2016-09-09 05:45:45', 169),
(170, '林春苑', '15766235636', 0, '2016-09-09', '', 0, '2016-09-09 10:18:09', 170),
(171, '甘园园', '15015160209', 0, '2016-09-11', '', 0, '2016-09-11 07:46:32', 171),
(172, '林春苑', '15766235636', 0, '2016-09-12', '', 0, '2016-09-12 02:11:28', 172),
(173, '林春苑', '15766235636', 0, '2016-09-12', '', 0, '2016-09-12 02:14:01', 173),
(174, '林春苑', '15766235636', 0, '2016-09-12', '', 0, '2016-09-12 02:16:38', 174),
(175, '林春苑', '15766235636', 0, '2016-09-12', '', 0, '2016-09-12 02:18:17', 175),
(176, '林春苑', '15766235636', 0, '2016-09-12', '', 0, '2016-09-12 02:27:26', 176),
(177, '曾伟化', '13538689969', 0, '2016-09-12', '', 0, '2016-09-12 03:12:12', 177),
(178, '小月', '15602697273', 0, '2016-09-12', '', 0, '2016-09-12 09:32:12', 178),
(179, '林春苑', '15766235636', 0, '2016-09-13', '', 0, '2016-09-13 02:26:18', 179),
(180, '林春苑', '15766235636', 0, '2016-09-13', '', 0, '2016-09-13 02:33:24', 180),
(181, '梁先生', '13713163383', 0, '2016-09-13', '', 0, '2016-09-13 06:00:16', 181),
(182, '曾伟化', '13538689969', 0, '2016-09-13', '', 0, '2016-09-13 07:07:24', 182),
(183, '林春苑', '15766235636', 0, '2016-09-13', '', 0, '2016-09-13 08:01:55', 183),
(184, '曾伟化', '13538689969', 0, '2016-09-13', '', 0, '2016-09-13 08:34:54', 184),
(185, '林春苑', '15766235636', 0, '2016-09-13', '', 0, '2016-09-13 09:39:03', 185),
(186, '佃卓帆', '18024441170', 0, '2016-09-13', '', 0, '2016-09-13 15:34:45', 186),
(187, '林春苑', '15766235636', 0, '2016-09-14', '', 0, '2016-09-14 02:25:52', 187),
(188, '林春苑', '15766235636', 0, '2016-09-14', '', 0, '2016-09-14 07:39:10', 188),
(189, '毕秀丽', '15919900511', 0, '2016-09-15', '', 0, '2016-09-15 08:41:24', 189),
(190, '林春苑', '15766235636', 0, '2016-09-17', '', 0, '2016-09-17 03:05:41', 190),
(191, '林春苑', '15766235636', 0, '2016-09-17', '', 0, '2016-09-17 03:06:28', 191),
(192, '林春苑', '15766235636', 0, '2016-09-17', '', 0, '2016-09-17 05:59:12', 192),
(193, '林春苑', '15766235636', 0, '2016-09-17', '', 0, '2016-09-17 06:00:25', 193),
(194, '林春苑', '15766235636', 0, '2016-09-17', '', 0, '2016-09-17 07:56:34', 194),
(195, '林春苑', '15766235636', 0, '2016-09-17', '', 0, '2016-09-17 09:23:54', 195),
(196, '林春苑', '15766235636', 0, '2016-09-18', '', 0, '2016-09-18 01:55:30', 196),
(197, '林春苑', '15766235636', 0, '2016-09-18', '', 0, '2016-09-18 02:05:19', 197),
(198, '林春苑', '15766235636', 0, '2016-09-18', '', 0, '2016-09-18 07:01:26', 198),
(199, '林春苑', '15766235636', 0, '2016-09-18', '', 0, '2016-09-18 08:05:41', 199),
(200, '林春苑', '15766235636', 0, '2016-09-19', '', 0, '2016-09-19 05:41:53', 200),
(201, '林春苑', '15766235636', 0, '2016-09-20', '', 0, '2016-09-20 05:47:22', 201);

-- --------------------------------------------------------

--
-- 表的结构 `other`
--

CREATE TABLE IF NOT EXISTS `other` (
  `other_id` int(10) unsigned NOT NULL AUTO_INCREMENT,
  `other_title` longtext NOT NULL,
  `other_content` longtext NOT NULL,
  `other_status` int(10) unsigned NOT NULL DEFAULT '0',
  `other_time` timestamp NOT NULL DEFAULT CURRENT_TIMESTAMP,
  PRIMARY KEY (`other_id`)
) ENGINE=InnoDB  DEFAULT CHARSET=gbk AUTO_INCREMENT=6 ;

--
-- 转存表中的数据 `other`
--

INSERT INTO `other` (`other_id`, `other_title`, `other_content`, `other_status`, `other_time`) VALUES
(1, '报备的客户，东莞贷款网会怎么跟进？', '客户一经报备，东莞贷款网后台则会显示，然后排表客服部联系客户，联系客户后，如果客户完整提交资料，一般1-3个工作日就会放款，放款成功当天系统则会显示客户放款成功，我们也会短信通知报备人，报备人就可以提取佣金了。', 0, '2016-07-25 07:31:50'),
(2, '客户放款成功佣金是多少？', '每月前3单按贷款总额的0.3%算佣金，3-5单按0.4%计算佣金，5单以上按0.5%计算佣金，系统会自动显示，以客户成功放款为准。', 0, '2016-07-25 07:32:36'),
(3, '将客户提供给东莞贷款网有什么意义？', '东莞贷款网是一家致力于打造品牌服务机构的公司，我们会坚持专业、诚信、透明收费的标准去服务客户，所以将客户推荐给东莞贷款网实际上是为减少了时间和费用成本。', 0, '2016-07-25 07:32:57'),
(4, '是否会告诉客户，是谁将他需要贷款的信息报备的？', '不会。', 0, '2016-07-25 07:34:10'),
(5, '我报备的客户继续再贷款，我是否还有佣金？', '有的，佣金方案和第一次报备一样的。', 0, '2016-07-25 07:34:31');

-- --------------------------------------------------------

--
-- 表的结构 `scheme`
--

CREATE TABLE IF NOT EXISTS `scheme` (
  `sc_id` int(10) unsigned NOT NULL AUTO_INCREMENT,
  `sc_title` longtext NOT NULL,
  `sc_renqun` longtext NOT NULL,
  `sc_tedian` varchar(225) NOT NULL,
  `sc_content` longtext NOT NULL,
  `sc_status` int(10) unsigned NOT NULL DEFAULT '0',
  `sc_time` timestamp NOT NULL DEFAULT CURRENT_TIMESTAMP,
  PRIMARY KEY (`sc_id`)
) ENGINE=InnoDB  DEFAULT CHARSET=gbk AUTO_INCREMENT=5 ;

--
-- 转存表中的数据 `scheme`
--

INSERT INTO `scheme` (`sc_id`, `sc_title`, `sc_renqun`, `sc_tedian`, `sc_content`, `sc_status`, `sc_time`) VALUES
(1, '上班族方案-上班族', '上班族、公司是发现金的', '要求低', '<img src="http://adbb.dai12345.com./plugins/editor/attached/image/20160725/20160725214547_18286.png" alt="" />gg', 0, '2016-07-25 13:45:32'),
(2, '有车族方案-押证不押车不装GPS贷', '有车族', '不装GPS', '暂无信息', 0, '2016-07-25 02:06:04'),
(3, '银行方案-二次装修贷', '有房族', '利息贷', '暂无信息', 0, '2016-07-25 02:07:38'),
(4, '有房族方案-有房族信用贷', '有房族', '纯信用', '暂无信息', 0, '2016-07-25 02:09:03');

-- --------------------------------------------------------

--
-- 表的结构 `status_notes`
--

CREATE TABLE IF NOT EXISTS `status_notes` (
  `sn_id` int(10) unsigned NOT NULL AUTO_INCREMENT,
  `cid` int(10) unsigned NOT NULL,
  `sn_content` longtext NOT NULL,
  `sn_date` varchar(45) NOT NULL,
  `sn_status` int(10) unsigned NOT NULL DEFAULT '0',
  `sn_sf` int(10) unsigned NOT NULL DEFAULT '0',
  `genjinren` varchar(45) NOT NULL,
  PRIMARY KEY (`sn_id`)
) ENGINE=InnoDB  DEFAULT CHARSET=gbk AUTO_INCREMENT=181 ;

--
-- 转存表中的数据 `status_notes`
--

INSERT INTO `status_notes` (`sn_id`, `cid`, `sn_content`, `sn_date`, `sn_status`, `sn_sf`, `genjinren`) VALUES
(5, 22, '已电话客户，客户准备资料中', '2016年07月29日', 0, 0, ''),
(6, 32, '已打电话，客户在忙，回头再打', '2016年08月09日', 0, 0, ''),
(8, 33, '夏何已经致电跟进该客户——曾伟化', '2016年08月09日', 0, 0, ''),
(9, 5, '', '2016年08月17日', 0, 0, ''),
(10, 5, '这个客户逾期过好多次', '2016年08月17日', 0, 0, ''),
(11, 36, '东莞，月流水四千多，工作三年，无社保公积金，白户', '2016年08月18日', 0, 0, ''),
(12, 33, '客户考虑后觉得利率高，暂不想贷款了，说已借到周转的钱了，他是用同事手机号留言的', '2016年08月18日', 0, 0, ''),
(13, 39, '下周有时间过来门店', '2016年08月18日', 0, 0, ''),
(14, 38, '我已将该客户分配给王慧--曾伟化', '2016年08月19日', 0, 0, ''),
(15, 54, '东莞，工作六个月，今年36岁，代发工资，社保六个月，有一辆丰田车，每年车险两万，有信用卡，无逾期记录，要贷五万', '2016年08月19日', 0, 0, ''),
(16, 55, '表示自己是青海的，已经有当地的公司联系了，不需要在联系了', '2016年08月19日', 0, 0, ''),
(17, 60, '白户，做宜信，周一过来', '2016年08月20日', 0, 0, ''),
(18, 61, '现金流水1万左右，申请夸克，做汽车配件采购', '2016年08月20日', 0, 0, ''),
(19, 36, '周一过来', '2016年08月20日', 0, 0, ''),
(20, 63, '装修门店，东城传媒公司，6个月，没有代发，有社保，本地人，21岁，自建房，应该可以做夸客', '2016年08月21日', 0, 0, ''),
(21, 63, '还可以做达信卓惠，', '2016年08月21日', 0, 0, ''),
(22, 66, '他说自己征信不好，信用卡逾期很多次，入了黑名单的，办不了', '2016年08月21日', 0, 0, ''),
(23, 63, '客户说回家找到水电单就过来交资料，明天应该可以，做夸客', '2016年08月21日', 0, 0, ''),
(24, 70, '电话没人接', '2016年08月21日', 0, 0, ''),
(25, 86, '电话暂时没人接，回头再打', '2016年08月23日', 0, 0, ''),
(26, 79, '较早填写的客户资料，补录入系统', '2016年08月23日', 0, 0, ''),
(27, 85, '较早的填单客户资料，补录入系统', '2016年08月23日', 0, 0, ''),
(28, 84, '较早填单资料，补录入系统', '2016年08月23日', 0, 0, ''),
(29, 83, '较早填单资料，补录入系统', '2016年08月23日', 0, 0, ''),
(30, 82, '较早填单资料，补录入系统', '2016年08月23日', 0, 0, ''),
(31, 81, '较早填单资料，补录入系统', '2016年08月23日', 0, 0, ''),
(32, 80, '较早填单资料，不录入系统', '2016年08月23日', 0, 0, ''),
(33, 77, '较早填单资料，补录入系统', '2016年08月23日', 0, 0, ''),
(34, 76, '买车，东坑，押运，代发，6000，五险一金，广西，26岁，3张信用卡，有2次逾期，微信号13641419756', '2016年08月23日', 0, 0, ''),
(35, 70, '电话被挂掉了', '2016年08月23日', 0, 0, ''),
(36, 67, '问他贷款用途，不愿意说，还挂电话了', '2016年08月23日', 0, 0, ''),
(37, 67, '再打电话就无法接通了', '2016年08月23日', 0, 0, ''),
(38, 63, '说没空回去弄那些资料，催促中……', '2016年08月23日', 0, 0, ''),
(39, 86, '说我打错了，不是陈先生', '2016年08月23日', 0, 0, ''),
(40, 71, '已致电客户，用保单做方案。', '2016年08月23日', 0, 0, ''),
(41, 65, '已回复客户，公检法职业贷款，后天过来南城面谈。', '2016年08月23日', 0, 0, ''),
(42, 65, '已回复客户，公检法职业贷款，后天过来南城面谈。', '2016年08月23日', 0, 0, ''),
(43, 86, '电话被挂了，', '2016年08月24日', 0, 0, ''),
(44, 87, '电话暂时无人接听', '2016年08月24日', 0, 0, ''),
(45, 89, '', '2016年08月24日', 0, 0, ''),
(46, 93, '电话没人接听', '2016年08月24日', 0, 0, ''),
(47, 94, '电话暂时没人接', '2016年08月24日', 0, 0, ''),
(48, 93, '换手机打也没接', '2016年08月24日', 0, 0, ''),
(49, 94, '换手机也没接', '2016年08月24日', 0, 0, ''),
(50, 94, '客户后来回电了，20周岁，教育行业工作近3年，有社保，有银行代发3000，信用卡刚申请，额度1万的，想贷2万自己创业', '2016年08月25日', 0, 0, ''),
(51, 87, '客户回电：想贷5万买个二手车，在大岭山电子厂上班才3个月，月薪3800左右，代发有社保，没有任何商业保险，没有信用卡，说是一个做0元购机的地方给他贷过8000，现在每月还600，,24期', '2016年08月25日', 0, 0, ''),
(52, 94, '拨打的号码已过期，昨天晚上还通过电话的', '2016年08月25日', 0, 0, ''),
(53, 94, '拨打的号码已过期，昨天晚上还通过电话的', '2016年08月25日', 0, 0, ''),
(54, 86, '靠，说做测试的，罗总让他测试的', '2016年08月25日', 0, 0, ''),
(55, 93, '客户打回来，是个女的，说是在广州上班几年了，没有社保没有买房买车，想贷50万，但是问题没问完，挂两次电话了，', '2016年08月25日', 0, 0, ''),
(56, 93, '请王总找个广州的跟进一下吧-----曾伟化', '2016年08月25日', 0, 0, ''),
(57, 94, '客户后来打过来了，还说过来门店的，但是最后还是没过来，已经让刘卫国联系了', '2016年08月26日', 0, 0, ''),
(58, 102, '这个客户要买必琴湾的房子，但是因为以前信用卡忘记还进入黑名单，银行不能做按揭，看看有没有别的办法做', '2016年08月27日', 0, 0, ''),
(59, 103, '没接电话', '2016年08月27日', 0, 0, ''),
(60, 103, '他说现在不用了', '2016年08月27日', 0, 0, ''),
(61, 107, '上班没有6个月，没有代发，没有社保，没有保险，工资3000,22岁，说是贷5万用来买车', '2016年08月29日', 0, 0, 'admin'),
(62, 107, '给融博试试，看他们能否搞定这种客户', '2016年08月29日', 0, 0, 'admin'),
(63, 106, '这个客户是山东的，', '2016年08月29日', 0, 0, 'admin'),
(64, 108, '这个客户外地的', '2016年08月29日', 0, 0, 'admin'),
(65, 109, '没接电话', '2016年08月29日', 0, 0, 'admin'),
(66, 110, '电话被挂了', '2016年08月29日', 0, 0, 'admin'),
(67, 111, '今天是咨询过，现在又说不用了', '2016年08月29日', 0, 0, 'admin'),
(68, 112, '这 个客户是深圳的', '2016年08月29日', 0, 0, 'admin'),
(69, 113, '客户再北大御湾有套房子自住的，现在看中滨江公馆一套房子想投资，想贷30万首付，已经给了中银的房抵方案，考虑中', '2016年08月29日', 0, 0, '曾伟化'),
(70, 114, '该客户看中0769一套小复式，28万，36平方，应该可以做高贷，她现在还没去看房子，我跟他说了，让她去看了房子后记住房号告诉我', '2016年08月29日', 0, 0, '曾伟化'),
(71, 112, '已经交给惠州叶总处理', '2016年08月30日', 0, 0, '王慧'),
(72, 114, '客户去看了房子，应该是C9栋317，让我帮他约业主谈，包括做0首付一起搞定', '2016年08月31日', 0, 0, 'admin'),
(73, 113, '客户觉得两笔贷款，每个月还1万多块，压力太大，', '2016年08月31日', 0, 0, 'admin'),
(74, 114, '跟317的业主谈好了，下午交诚意金，尽量看看下午能不能把合同签了，然后邹小姐的一个朋友住在C9栋B803，说想把这个房子买下来', '2016年08月31日', 0, 0, 'admin'),
(75, 118, '深圳华兴投资许壹凤跟进中', '2016年09月01日', 0, 0, '王慧'),
(76, 119, '汕头夸客小刚跟进中', '2016年09月01日', 0, 0, '王慧'),
(77, 121, '南昌博正投资章总跟进中', '2016年09月01日', 0, 0, '王慧'),
(78, 122, '西安邦信投资罗丹跟进中，说客户征信不好，先养征信', '2016年09月01日', 1, 0, '王慧'),
(79, 123, '客户给福州宏锦商务咨询公司跟进，客户经理反映该客户是在酒店上班，而且是外省户口，他们公司做不了，在找其他资源', '2016年09月01日', 0, 0, '王慧'),
(80, 124, '给拉萨汇丰信用贷款公司李经理在跟进，李经理表示该客户可以接受利息，争取让他明天去交资料', '2016年09月01日', 0, 0, '王慧'),
(81, 125, '夸客金融阿玲跟进中，客户没有接电话，我随时跟进', '2016年09月01日', 0, 0, '王慧'),
(82, 127, '凤岗，4年，社保2年，没有公积金，现金7000，君威2015自动舒适款，', '2016年09月02日', 0, 0, 'admin'),
(83, 128, '毛病，说之前是个美女的，怎么现在是男的联系，然后就挂了', '2016年09月02日', 0, 0, 'admin'),
(84, 132, '在娱乐场所上班的，没有代发没有社保，有做一些别的生意，没有营业执照，银行流水每个月有几万，想贷2-5万块做其他投资，能贷就贷，不能贷也没所谓', '2016年09月02日', 0, 0, 'admin'),
(85, 132, '刚在小贷群里问了一下，都说做不了', '2016年09月03日', 0, 0, '曾伟化'),
(86, 127, '客户每个月存到卡里的大概5000左右，之前是存老婆账户，最近才存知己账户的', '2016年09月03日', 0, 0, '曾伟化'),
(87, 127, '已经在于东莞银行沟通做新车按揭业务', '2016年09月03日', 0, 0, '曾伟化'),
(88, 135, '客户有代发7000左右，没有社保，没有信用卡，想买吉利博悦，自己有6万左右，贷款8-9万应该够了，', '2016年09月03日', 0, 0, '曾伟化'),
(89, 136, '已致电给客户，客户说不需要', '2016年09月05日', 0, 0, '林春苑'),
(90, 138, '上班，现金流水，没社保，没公积金，没房，没车，没寿险，可以申请，但是客户不愿意过来申请，说没有时间，有跟客户沟通先提供资料，款下来后再过来面签，客户还是说没时间，放弃申请', '2016年09月05日', 0, 0, '李甘露'),
(91, 131, '本地上班，现金工资，无社保，公积金，本地房子按揭3815元，按揭一年以上，有全款车，普惠小额贷款6000元，过往征信有6，查询次数很多，做不了银行，说了小额贷款利息，能接受，现需要5万，已经把所需要资料发给客户准备，约这几天过来交资料', '2016年09月05日', 0, 0, '李甘露'),
(92, 142, '信用卡是今年3.4月份逾期冻结的，太吵了，听不清楚，晚一点再给他电话', '2016年09月05日', 0, 0, '李甘露'),
(93, 137, '上班，现金流水，无社保公积金，上个月有；连续3个月的逾期，信用卡冻结状态，无取消，做不了', '2016年09月05日', 0, 0, '李甘露'),
(94, 138, '上面的写错了，正确的是：在厚街居委会城管做内勤的，农商代发工资2800，有社保但年前一停缴，信用卡6万，在银谷、拍拍网、花呗有贷款，银谷申请被拒，无社保公积金，待跟进', '2016年09月05日', 0, 0, '李甘露'),
(95, 139, '客户做面包车送货的，无社保、公积金、信用卡，流水1万多，已加微信，发资料', '2016年09月05日', 0, 0, '李甘露'),
(96, 140, '打了几次电话，没人接', '2016年09月05日', 0, 0, '李甘露'),
(97, 141, '信用卡是今年3.4月份逾期冻结的，太吵了，听不清楚，已加微信，发资料', '2016年09月05日', 0, 0, '李甘露'),
(98, 144, '上班，现金流水，没社保，没公积金，没房，没车，没寿险，可以申请，但是客户不愿意过来申请，说没有时间，有跟客户沟通先提供资料，款下来后再过来面签，客户还是说没时间，放弃申请', '2016年09月05日', 0, 0, '李甘露'),
(99, 145, '大岭山上班（技工）），做玩具的，转账工资3200，有半年社保，无信用卡、车、房，捷信贷款1万，还了一半，考虑利息中', '2016年09月05日', 0, 0, '李甘露'),
(100, 142, '上面的错误，正确的是：打了几次都是没有接电话的', '2016年09月05日', 0, 0, '李甘露'),
(101, 146, '第一次打说在忙没时间，20分钟后再打没人接听状态，待跟进', '2016年09月05日', 0, 0, '李甘露'),
(102, 141, '因为信用卡逾期冻结了，因为住址搬迁找不到注销不了，一定要注销了之后更新征信才可以做', '2016年09月06日', 0, 0, '李甘露'),
(103, 151, '现在已经不需要了', '2016年09月06日', 0, 0, '李甘露'),
(104, 150, '已经在申办银行中了，现在暂时不需要了', '2016年09月06日', 0, 0, '李甘露'),
(105, 154, '名字写错了，是李先生，想贷30-50万', '2016年09月06日', 0, 0, 'admin'),
(106, 148, '高步上班，3年以上，普通职工，农行代发工资6000左右，有社保无公积金，无信用卡、房车，已加微信，待跟进', '2016年09月06日', 0, 0, '李甘露'),
(107, 146, '电话不接，一直在通话中', '2016年09月06日', 0, 0, '李甘露'),
(108, 155, '已交给惠州宜信普惠做', '2016年09月07日', 0, 0, '林春苑'),
(109, 153, '已联系客户，客户说不需要了', '2016年09月07日', 0, 0, '林春苑'),
(110, 152, '已联系客户，在市政府上班，信用卡逾期3千多，还清之后才能贷款，暂时做不了', '2016年09月07日', 0, 0, '林春苑'),
(111, 155, '宜信做不了，移交至珠海小牛资本林经理做', '2016年09月07日', 0, 0, '林春苑'),
(112, 162, '已联系客户，是黑户，做不了', '2016年09月07日', 0, 0, '林春苑'),
(113, 160, '客户本人不需要  介绍个朋友：于先生：15919426915   上班  3年  工程师主管  邮政代发工资：5-8千元  社保一年多  无公积金  无车无房无保单  信用卡总6千元 刚办理下来的  宜信贷：3万  已邀约快预计明天会过来面谈', '2016年09月07日', 0, 0, '李甘露'),
(114, 164, '号码拨打过去是空号  请核对下  是否正确', '2016年09月07日', 0, 0, '李甘露'),
(115, 145, '纠结利息中  联系一直没回复   明天再打过电话再确定下是否能接受利息和费用', '2016年09月07日', 0, 0, '李甘露'),
(116, 138, '客户征信8月份查了13次   并且未婚 现在还在补资料中（流水、网版征信验证,查征信客户有点不怎么愿意）  还在沟通 ', '2016年09月07日', 0, 0, '李甘露'),
(117, 155, '已联系客户，客户周一过去申请', '2016年09月08日', 0, 0, '林春苑'),
(118, 114, '邹小姐说的那个朋友是住在C9栋B806，想把这个房子买下来，让我联系一下业主谈谈', '2016年09月09日', 0, 0, '曾伟化'),
(119, 165, '已联系客户，客户说现在不需要了', '2016年09月09日', 0, 0, '林春苑'),
(120, 163, '客户电话打不通，等会再联系一下', '2016年09月09日', 0, 0, '林春苑'),
(121, 159, '已联系客户，嫌利息高，不做了', '2016年09月09日', 0, 0, '林春苑'),
(122, 161, '已联系客户，客户想要下款快，无抵押还要保密做不了', '2016年09月09日', 0, 0, '林春苑'),
(123, 114, 'C9栋B单元806业主廖惠：13826102510', '2016年09月09日', 0, 0, '曾伟化'),
(124, 156, '9月7号   上班（3年），家族企业，工资是年底分红的，其他流水月进账2000左右，江西九江有房按揭3年半，月供2000，信用卡8000，微粒贷8000，普惠申请中', '2016年09月12日', 0, 0, '李甘露'),
(125, 156, '客户去人行打征信嫌麻烦，考虑中（9月10号）', '2016年09月12日', 0, 0, '李甘露'),
(126, 156, '客户考虑明天过来', '2016年09月12日', 0, 0, '李甘露'),
(127, 138, '客户不能让老妈知道，直系亲属留下的是假的，已经进件一半但客户已叫我们暂停进件，又要考虑中', '2016年09月12日', 0, 0, '李甘露'),
(128, 139, '周六已经交资料，待回征信，就可以进系统审核了', '2016年09月12日', 0, 0, '李甘露'),
(129, 166, '在黄江的厂上班，今年3月份入职，品质部，月工资中行代发3500（有时候部分发现金），社保刚买，有人寿保险3年2次，年交2000多，原件在老家，信用卡5000，捷信贷款1万', '2016年09月12日', 0, 0, '李甘露'),
(130, 166, '客户要到9月底才发满半年的工资，才能过来操作，已和客户沟通，客户可以接受', '2016年09月12日', 0, 0, '李甘露'),
(131, 172, '已致电给客户，在KTV上班，做不了', '2016年09月12日', 0, 0, '林春苑'),
(132, 173, '已致电给客户，白户，普通客户，工作证明开不了，做不了', '2016年09月12日', 0, 0, '林春苑'),
(133, 169, '已致电给客户，是做化妆师的，说暂时不需要了', '2016年09月12日', 0, 0, '林春苑'),
(134, 175, '已致电给客户，6月份在他公司做过，被拒了，做不了', '2016年09月12日', 0, 0, '林春苑'),
(135, 177, '客户再塘厦，买的碧桂园的房子，想贷10万装修，工作五年，有五险一金，房子是按揭的', '2016年09月12日', 0, 0, 'admin'),
(136, 138, '已经沟通了，今天会进系统审核的', '2016年09月13日', 0, 0, '李甘露'),
(137, 139, '今天已经进系统审核的状态了，但客户称如果不快，过了时间就是批下来也是不会要的', '2016年09月13日', 0, 0, '李甘露'),
(138, 148, '客户称都在上班没有时间过来操作，叫他去打征信又嫌麻烦，还在跟进中', '2016年09月13日', 0, 0, '李甘露'),
(139, 180, '在尼罗河酒店水会上班，月工资5000发现金，要出来跟朋友开餐饮。看夸客能不能做。', '2016年09月13日', 0, 0, '刘卫国'),
(140, 176, '客户说不是本人登记的，不需要', '2016年09月13日', 0, 0, '刘卫国'),
(141, 184, '客户在金源花园有套别墅，市值600万，银行评估450万，想贷200万做生意，客户在莞城政府上班，事业单位编制，月薪4-5千左右，', '2016年09月13日', 0, 0, '曾伟化'),
(142, 177, '房子月供3600', '2016年09月13日', 0, 0, '曾伟化'),
(143, 171, '昨天给她打电话说正在忙，明天打，今天打又没人接', '2016年09月13日', 0, 0, '曾伟化'),
(144, 171, '做生意，没有营业执照，流水7-10万，现有复式房一套价值60多万，没有出房产证，有车IX25按揭的，贷30万买房，需要2-3年，有几张信用卡，没有逾期，信用卡最高额度2.2万，', '2016年09月13日', 0, 0, '曾伟化'),
(145, 179, '上班（模具），工作半年，招行代发工资3500-4000，其他农业，中银卡，月均进账2000-3000，社保半年，阳光保单刚买，老家阳江名下有房，买断好几年，90平米，无信用卡，捷信贷款1万，已经快还完了，已把资料发给客户，18号会过来操作', '2016年09月13日', 0, 0, '李甘露'),
(146, 135, '客户已经在准备资料了，就差户口本，要从家里寄过来', '2016年09月13日', 0, 0, '曾伟化'),
(147, 184, '已经与东莞银行的在沟通，需要客户发房产证照片过来先初步评估一下', '2016年09月13日', 0, 0, '曾伟化'),
(148, 183, '姓张的，贵州人，在宁波上班，上班时间半年，工资中银代发2000多，还有其他的收入，无社保公积金，信用卡3000，已用2000多，有按揭车，月供1981，发票价5万，客户说太远了，过来东莞操作不现实', '2016年09月13日', 0, 0, '李甘露'),
(149, 167, '打了几次都没人接听', '2016年09月13日', 0, 0, '李甘露'),
(150, 170, '9月9号的时候，打了几次都没接，今天打了几次也是没有人接的', '2016年09月13日', 0, 0, '李甘露'),
(151, 174, '桥头上班半年，无房无车无社保，东莞银行代发工资6000，信用卡1万，差不多用完，已加微信发资料，待继续跟进', '2016年09月13日', 0, 0, '李甘露'),
(152, 138, '已被系统秒拒了', '2016年09月13日', 0, 0, '李甘露'),
(153, 177, '东莞银行的装修贷款很划算，年化3.4%，客户能接受，包括3%的服务费，不过今天没时间准备资料了，要节后才能办理', '2016年09月14日', 0, 0, '曾伟化'),
(154, 168, '打了几次都没有人接的', '2016年09月14日', 0, 0, '李甘露'),
(155, 187, '已移交东莞汇诚0首付购车黄经理跟进', '2016年09月14日', 0, 0, 'admin'),
(156, 187, '已联系客户，约客户节后过车行谈', '2016年09月14日', 0, 0, 'admin'),
(157, 184, '跟客户说做信用贷款，客户信用贷款还款时间太短，压力太大，', '2016年09月14日', 0, 0, '曾伟化'),
(158, 181, '该客户是想买车的，现在已经办理过买车的手续了，不是需要贷款的', '2016年09月14日', 0, 0, '李甘露'),
(159, 178, '客户已经关机', '2016年09月14日', 0, 0, '李甘露'),
(160, 174, '要上班，没时间过来，客户说到时候再说，感觉是那种不急着需要的客户', '2016年09月17日', 0, 0, '李甘露'),
(161, 139, '星期一会电话审核', '2016年09月17日', 0, 0, '李甘露'),
(162, 156, '客户征信查询次数超了，进件不了银行，小额贷款不符合要求申请不了，要过几个月才能申请', '2016年09月17日', 0, 0, '李甘露'),
(163, 194, '长安厂里上班5个多月，无房无车无信用卡，民生银行代发工资3500左右，已加微信进行邀约', '2016年09月17日', 0, 0, '李甘露'),
(164, 194, '进件小额的条件不符合，必须要上满半年以上，只能等下个月才能操作', '2016年09月17日', 0, 0, '李甘露'),
(165, 193, '塘厦上班一年多，做模具的，平安代发工资3000左右，信用卡总额1.8万，已用完，有社保，没有公积金，无房无车，已加微信', '2016年09月17日', 0, 0, '李甘露'),
(166, 191, '黄江制衣厂上班7个月，做运动用品的，湖南人，住公司里面的，转账工资3000，无房无车，最近在申请平安和招商的信用卡，但都没有办下来，网贷贷款1000，', '2016年09月17日', 0, 0, '李甘露'),
(167, 190, '自己个体搞装修的，月均流水1万左右，无房无车无信用卡，无保险，没有具体的说明做与不做就直接挂了电话', '2016年09月17日', 0, 0, '李甘露'),
(168, 192, '打了几次都是无人接听电话状态', '2016年09月17日', 0, 0, '李甘露'),
(169, 195, '做电工的，平常自己接私活，月收入6000-7000左右，本地人，房子和车子都在哥哥名下，信用卡5000，当前有逾期，明天才去处理，应该挺严重的，无保单，3月份班的银行卡，只有5个月的流水，月均2-3万，之前有申请两笔线上的贷款，但都没有办下来，做不了', '2016年09月17日', 0, 0, '李甘露'),
(170, 188, '上个月在他公司做过，客户是黑名单，被拒了，暂时做不了', '2016年09月18日', 0, 0, 'admin'),
(171, 191, '已经在微信上发资料，因客户上班时间和我们这边的有点出入，过来时通知我', '2016年09月18日', 0, 0, '李甘露'),
(172, 196, '上班3年多，在厂里面是管理层的，住公司宿舍，邮政代发工资4500，有社保，无房无车无保险，信用卡6-7万，单张最高额度1万，已加微信发资料', '2016年09月18日', 0, 0, '李甘露'),
(173, 197, '自己在凤岗和朋友合伙做生意，无营业执照，才开始2个月，员工5人，都是自己家里面的人，银行流水2000-3000，老家有很老的自建房，无车无保险无信用卡，信用卡之前有申请过但是没有办下来，已加微信，待跟进', '2016年09月18日', 0, 0, '李甘露'),
(174, 198, '何斌，上班2-3年，现金工资8000-10000，有社保但已经停缴用不了，无公积金信用卡，有外地按揭车，发票价13.8万，月供3000多，有保单但是刚买的也用不了，近2个月在线上有申请过5/6家贷款，征信查询次数超了，现在暂时申请不了，要等征信更新了之后才可以操作', '2016年09月18日', 0, 0, '李甘露'),
(175, 199, '沙田上班5-6年，有社保，无公积金，工资部分银行代发和部分发现金，共3000多，无房无车，无信用卡保险，也没有贷款，已加微信，待跟进', '2016年09月18日', 0, 0, '李甘露'),
(176, 135, '昨天带客户去东莞银行签资料了，现在需要他在车行订车的定金收据和购车合同复印件', '2016年09月19日', 0, 0, 'admin'),
(177, 197, '已经详细的了解了客户的情况，现有的流水都没有半年，要等下个月满半年的流水才具备进件条件', '2016年09月19日', 0, 0, '李甘露'),
(178, 197, '目前没有可操作的方案', '2016年09月19日', 0, 0, '李甘露'),
(179, 196, '这几天客户都没有空，有空会抽时间过来的，已经准备资料中', '2016年09月19日', 0, 0, '李甘露'),
(180, 191, '客户目前只有一家可操作，但要收取征信费和批款后的两个点的平台管理费，客户还在考虑当中', '2016年09月19日', 0, 0, '李甘露');

/*!40101 SET CHARACTER_SET_CLIENT=@OLD_CHARACTER_SET_CLIENT */;
/*!40101 SET CHARACTER_SET_RESULTS=@OLD_CHARACTER_SET_RESULTS */;
/*!40101 SET COLLATION_CONNECTION=@OLD_COLLATION_CONNECTION */;
